user_id,age_range,education_level,field_of_study,year_of_study,recommended_career,confidence_score,top_3_careers,academic_mathematics,academic_statistics,academic_programming,academic_computer_networking,academic_database_management,academic_web_development,skill_python,skill_javascript,skill_java,skill_c_cplusplus,skill_sql,skill_html_css,skill_react,skill_networking,skill_linux,skill_databases,skill_cloud,skill_cybersecurity,skill_data analysis,skill_machine learning,interest_building_applications,interest_analyzing_data,interest_artificial_intelligence,interest_cybersecurity,interest_networking,interest_cloud_computing,interest_databases,interest_ui_ux_design,interest_research,workpref_building_things,workpref_analyzing_information,workpref_solving_security_problems,workpref_working_with_numbers,workpref_designing_ui,workpref_investigating_problems,personality_analytical,personality_creative,personality_problem_solver,personality_detail_oriented,personality_collaborative,personality_independent_worker,skill_gaps
U0001,21-23,Professional Certification,Mathematics,Graduate Year 1,Data Analyst,0.946,Data Analyst|Frontend Developer|Machine Learning Engineer,5,2,3,5,5,4,2,3,4,4,3,2,5,4,4,3,2,1,4,4,4,5,2,1,5,1,2,3,4,4,5,2,5,2,4,4,4,4,2,2,2,{}
U0002,Under 18,Bachelor's,Computer Science,Senior,Cloud Engineer,0.768,Cloud Engineer|Cybersecurity Analyst|Machine Learning Engineer,3,1,3,3,2,2,4,2,1,4,3,1,0,4,3,2,5,5,1,2,2,1,2,5,3,5,1,2,1,2,2,5,1,1,2,2,1,1,4,3,3,{}
U0003,31+,Bachelor's,Mathematics,Freshman,Software Engineer,0.666,Software Engineer|Machine Learning Engineer|Data Scientist,4,1,4,2,1,1,4,0,3,3,2,0,1,0,3,0,1,0,3,1,3,3,3,1,1,1,2,1,3,4,4,2,1,2,2,2,2,5,1,3,1,{}
U0004,Under 18,Associate's,Information Technology,Sophomore,Cloud Engineer,1.0,Cloud Engineer|Backend Developer|Network Engineer,3,1,4,5,3,1,4,0,4,3,2,0,0,4,3,3,3,0,1,0,4,1,1,1,3,3,2,1,2,3,1,2,1,2,1,3,1,4,3,3,3,{}
U0005,27-30,Master's,Computer Engineering,Graduate,Database Administrator,0.777,Database Administrator|Backend Developer|Network Engineer,4,2,3,2,5,2,2,0,4,2,4,2,1,2,3,3,2,5,4,4,3,4,3,5,1,2,3,1,2,2,3,5,2,1,1,2,3,4,3,5,3,{}
U0006,24-26,Bachelor's,Computer Science,Not applicable,Network Engineer,0.731,Network Engineer|AI Engineer|Frontend Developer,5,4,2,4,4,3,0,1,2,2,2,4,3,2,2,5,2,2,2,5,1,3,3,2,2,2,5,4,4,1,4,1,3,4,3,3,2,4,3,2,5,{}
U0007,21-23,Master's,Software Engineering,Graduate Year 1,Frontend Developer,0.736,Frontend Developer|UI/UX Designer|Network Engineer,1,5,2,2,3,5,2,4,2,3,1,4,4,3,0,1,5,0,2,3,3,1,2,1,3,4,1,4,4,2,1,1,4,3,4,3,3,3,2,2,3,{}
U0008,31+,Master's,Computer Engineering,Not applicable,UI/UX Designer,0.895,UI/UX Designer|Software Engineer|Frontend Developer,1,4,4,2,2,4,2,5,5,4,1,4,2,0,0,0,2,5,0,0,3,1,2,5,1,3,1,4,3,4,1,5,3,3,3,3,3,1,5,5,1,{}
U0009,27-30,Bachelor's,Data Science,Graduate Year 2+,UI/UX Designer,0.858,UI/UX Designer|Frontend Developer|AI Engineer,3,1,5,2,3,4,4,3,4,4,2,4,4,2,2,2,2,2,2,3,5,1,4,2,1,2,2,4,4,5,2,2,1,5,3,1,5,2,2,5,1,{}
U0010,21-23,Bachelor's,Information Systems,Graduate Year 2+,Network Engineer,0.804,Network Engineer|Cloud Engineer|Cybersecurity Analyst,2,2,2,3,3,3,3,1,1,1,2,3,3,3,4,1,5,2,0,0,2,1,1,1,3,4,2,3,3,3,1,1,2,4,2,1,1,1,3,4,4,{}
U0011,27-30,Bachelor's,Computer Science,Sophomore,Data Scientist,0.801,Data Scientist|Cloud Engineer|Software Engineer,5,3,4,3,1,2,2,2,3,5,0,0,3,2,4,0,3,0,4,4,3,2,3,1,2,4,1,1,2,3,2,1,3,2,2,3,2,4,5,1,2,"{'Python': 2, 'Statistics': 4, 'Machine Learning': 0, 'Data Analysis': 0}"
U0012,31+,Master's,Data Science,Junior,UI/UX Designer,0.965,UI/UX Designer|Frontend Developer|Network Engineer,1,4,2,5,2,5,2,5,0,3,3,5,5,3,5,0,5,5,0,1,3,2,2,5,4,5,2,5,3,2,3,5,1,5,2,3,3,1,4,4,4,{}
U0013,21-23,PhD,Information Systems,Sophomore,Network Engineer,0.656,Network Engineer|Cloud Engineer|Database Administrator,2,2,1,3,3,1,2,0,0,2,1,0,0,3,3,2,3,0,0,2,1,1,3,1,2,4,2,1,1,1,1,2,2,1,1,2,1,2,2,1,5,{}
U0014,27-30,Professional Certification,Mathematics,Graduate Year 2+,UI/UX Designer,0.823,UI/UX Designer|AI Engineer|Machine Learning Engineer,3,5,2,2,1,5,3,3,2,3,0,5,4,1,0,1,5,2,4,3,4,1,3,2,2,5,1,4,3,4,1,2,3,4,3,4,3,3,3,5,1,{}
U0015,18-20,Master's,Computer Engineering,Graduate Year 1,Cloud Engineer,0.921,Cloud Engineer|Software Engineer|Machine Learning Engineer,4,2,5,3,3,3,4,3,5,5,2,2,1,4,1,2,4,4,3,4,3,2,4,4,3,3,1,1,3,4,3,3,4,2,4,2,1,3,4,4,2,{}
U0016,27-30,Associate's,Mathematics,Sophomore,AI Engineer,1.0,AI Engineer|Data Analyst|Data Scientist,3,5,4,3,3,1,4,2,4,5,4,0,0,3,1,3,2,4,4,5,3,3,3,4,3,3,4,1,4,2,4,5,3,1,3,5,2,5,4,2,4,{}
U0017,18-20,Bachelor's,Computer Science,Sophomore,Cloud Engineer,0.829,Cloud Engineer|Frontend Developer|Cybersecurity Analyst,3,5,1,3,1,3,1,2,0,0,0,4,3,4,3,0,5,5,2,2,1,1,1,5,3,5,1,3,4,1,2,5,3,3,3,2,1,1,3,3,4,{}
U0018,Under 18,Master's,Data Science,Graduate Year 2+,Data Analyst,0.923,Data Analyst|Data Scientist|Machine Learning Engineer,2,5,4,2,3,1,5,1,3,5,4,2,0,2,3,2,2,0,5,3,5,3,4,1,2,2,3,2,3,5,2,2,5,2,4,5,4,3,2,2,1,{}
U0019,21-23,PhD,Mathematics,Senior,Database Administrator,0.92,Database Administrator|Software Engineer|Frontend Developer,2,4,4,1,5,3,3,4,4,4,3,4,4,0,2,5,2,3,3,1,4,1,3,2,1,1,4,4,2,3,1,3,2,3,1,3,3,2,1,5,3,{}
U0020,21-23,Master's,Electrical Engineering,Junior,AI Engineer,0.636,AI Engineer|Cloud Engineer|Cybersecurity Analyst,4,2,2,3,1,3,1,4,2,3,0,1,1,3,2,1,2,5,1,3,2,2,1,5,3,3,1,3,1,3,1,4,3,3,2,2,2,2,4,4,3,{}
U0021,18-20,Bachelor's,Information Systems,Senior,Database Administrator,0.801,Database Administrator|Data Analyst|UI/UX Designer,5,1,1,1,4,3,0,3,0,2,5,4,4,0,1,4,2,2,2,4,1,4,1,3,1,2,3,3,1,1,5,4,3,2,1,2,2,2,4,3,5,{}
U0022,27-30,Associate's,Information Systems,Graduate Year 1,Cloud Engineer,0.688,Cloud Engineer|Cybersecurity Analyst|Network Engineer,2,2,2,2,1,1,3,0,1,3,0,0,1,2,3,0,5,3,1,1,2,1,1,2,1,4,1,1,2,2,1,2,1,1,1,1,2,3,4,1,4,{}
U0023,21-23,Bachelor's,Software Engineering,Graduate,Cybersecurity Analyst,0.939,Cybersecurity Analyst|Frontend Developer|Network Engineer,3,2,3,5,3,5,1,5,3,3,3,5,3,3,4,3,1,5,3,0,3,1,1,5,3,1,3,4,5,3,2,5,2,4,4,4,3,3,1,2,2,{}
U0024,18-20,Bachelor's,Information Technology,Freshman,UI/UX Designer,0.921,UI/UX Designer|Frontend Developer|Data Scientist,5,5,3,3,1,5,1,4,1,2,2,5,5,1,2,1,1,5,3,3,3,3,2,5,1,1,3,4,4,4,2,5,4,5,4,5,3,5,4,3,2,{}
U0025,31+,Bachelor's,Computer Engineering,Not applicable,Software Engineer,1.0,Software Engineer|Machine Learning Engineer|UI/UX Designer,5,1,5,2,1,4,5,3,3,4,2,2,4,1,0,0,0,2,1,1,5,1,3,2,2,1,1,4,3,4,1,2,4,4,4,3,5,5,4,1,1,{}
U0026,24-26,Bachelor's,Information Systems,Not applicable,AI Engineer,0.741,AI Engineer|Database Administrator|Machine Learning Engineer,5,2,3,3,3,2,2,1,3,2,1,2,3,3,1,3,1,1,2,5,3,2,5,1,2,1,3,3,4,3,1,1,4,2,4,4,2,2,1,5,2,{}
U0027,21-23,Professional Certification,Computer Science,Freshman,Frontend Developer,0.807,Frontend Developer|UI/UX Designer|Backend Developer,1,1,2,1,2,4,3,4,2,1,3,4,3,2,0,2,2,5,0,2,1,1,3,4,3,1,1,5,3,2,2,5,1,4,3,1,2,2,2,4,3,{}
U0028,Under 18,Associate's,Information Technology,Graduate,Frontend Developer,0.901,Frontend Developer|Backend Developer|Database Administrator,1,3,4,1,4,4,5,5,4,3,2,5,2,1,0,5,2,1,1,0,4,1,3,1,1,2,3,5,4,5,2,1,1,4,5,3,4,3,5,1,1,{}
U0029,24-26,Master's,Other,Graduate Year 2+,Software Engineer,0.937,Software Engineer|Machine Learning Engineer|Database Administrator,4,1,5,4,3,3,4,4,5,3,4,4,2,5,3,3,0,4,3,2,4,2,2,3,4,1,4,3,4,5,3,3,2,3,5,4,4,5,3,2,2,{}
U0030,24-26,Master's,Computer Engineering,Graduate Year 1,Database Administrator,0.883,Database Administrator|Frontend Developer|Data Analyst,3,3,2,5,5,5,3,3,3,1,4,5,4,5,5,4,1,2,2,1,1,1,1,2,5,2,4,4,3,1,1,3,3,5,2,3,3,3,5,4,4,{}
U0031,24-26,Bachelor's,Information Technology,Senior,Cybersecurity Analyst,0.686,Cybersecurity Analyst|UI/UX Designer|Data Scientist,2,1,1,2,2,2,0,1,0,2,0,1,1,1,3,3,1,5,2,3,2,3,3,5,1,1,2,2,2,1,3,5,3,1,1,3,3,3,4,4,5,{}
U0032,27-30,Associate's,Information Systems,Freshman,Data Analyst,0.893,Data Analyst|Data Scientist|Network Engineer,4,5,5,3,4,1,3,1,3,3,3,0,0,4,4,3,2,3,5,4,1,3,3,3,4,3,2,1,4,1,3,2,4,1,3,5,1,5,4,3,5,{}
U0033,27-30,Bachelor's,Computer Engineering,Senior,Network Engineer,0.898,Network Engineer|Frontend Developer|Cloud Engineer,2,5,1,5,4,4,1,2,1,2,2,4,3,5,3,3,3,3,3,5,1,4,2,3,5,4,3,4,3,2,5,4,4,3,2,2,1,1,2,5,4,{}
U0034,24-26,Bachelor's,Information Systems,Senior,Backend Developer,0.99,Backend Developer|Database Administrator|Frontend Developer,1,2,5,4,5,4,5,5,5,5,4,5,2,4,3,5,3,2,2,0,5,2,1,2,5,3,3,3,5,4,1,1,2,3,4,3,3,3,3,1,1,{}
U0035,21-23,Master's,Other,Graduate Year 1,Cybersecurity Analyst,0.883,Cybersecurity Analyst|Frontend Developer|Network Engineer,1,5,1,4,2,4,0,4,2,0,0,4,4,5,5,3,0,3,3,3,3,3,1,3,5,1,3,3,4,3,2,2,3,2,4,4,2,3,4,2,3,{}
U0036,24-26,Bachelor's,Physics,Graduate Year 2+,Backend Developer,1.0,Backend Developer|Frontend Developer|Database Administrator,4,2,4,1,4,5,5,4,5,4,4,5,5,1,0,4,0,5,2,4,4,4,3,5,1,1,3,5,3,5,5,5,2,5,2,2,4,2,4,1,1,{}
U0037,24-26,Bachelor's,Electrical Engineering,Senior,Cybersecurity Analyst,0.996,Cybersecurity Analyst|Software Engineer|UI/UX Designer,3,4,5,5,2,4,3,2,5,5,1,5,3,3,5,1,1,5,5,2,3,3,3,4,4,2,1,3,5,2,2,4,5,3,5,4,2,5,3,2,4,{}
U0038,31+,High School,Computer Engineering,Graduate Year 2+,Data Analyst,0.8,Data Analyst|AI Engineer|Data Scientist,2,5,1,1,3,2,0,3,1,0,3,2,0,2,0,1,1,3,5,5,1,5,3,3,2,2,2,1,2,1,5,2,4,1,2,4,2,3,3,5,4,{}
U0039,24-26,Bachelor's,Software Engineering,Graduate Year 1,Machine Learning Engineer,0.701,Machine Learning Engineer|Software Engineer|AI Engineer,4,3,2,2,2,3,3,1,2,0,2,1,2,0,1,1,1,3,2,3,1,3,2,4,1,1,1,1,4,1,4,3,5,2,5,2,1,2,2,1,4,{}
U0040,27-30,Bachelor's,Information Systems,Junior,Cybersecurity Analyst,0.669,Cybersecurity Analyst|Frontend Developer|Cloud Engineer,1,5,2,4,3,4,3,5,1,1,1,5,2,5,4,3,3,0,2,2,3,2,1,1,5,4,3,4,2,2,2,1,4,5,2,4,4,3,1,1,5,{}
U0041,27-30,Bachelor's,Other,Senior,Data Scientist,0.788,Data Scientist|Cybersecurity Analyst|AI Engineer,2,5,3,4,1,3,4,3,2,1,0,1,2,4,2,1,1,5,5,5,3,2,5,5,3,1,1,2,2,3,2,5,4,2,2,4,2,4,4,3,4,"{'Python': 0, 'Statistics': 4, 'Machine Learning': 0, 'Data Analysis': 0}"
U0042,31+,Professional Certification,Data Science,Not applicable,AI Engineer,0.699,AI Engineer|Data Scientist|Software Engineer,2,5,4,1,1,4,3,2,3,5,0,2,3,2,0,2,3,1,5,3,3,3,4,1,1,3,1,2,2,2,4,1,5,3,2,4,1,3,1,1,3,{}
U0043,21-23,Professional Certification,Other,Not applicable,Database Administrator,0.863,Database Administrator|Data Analyst|Data Scientist,5,4,2,2,5,3,1,4,1,0,5,4,2,2,2,3,1,4,4,2,2,4,3,3,3,2,3,3,3,1,4,2,5,2,4,4,2,5,1,2,4,{}
U0044,21-23,Master's,Information Systems,Freshman,Frontend Developer,0.96,Frontend Developer|UI/UX Designer|Software Engineer,1,1,5,1,1,4,3,4,5,4,2,4,5,1,1,0,1,2,0,0,3,2,1,1,1,1,2,5,1,3,2,2,2,4,1,2,5,1,2,5,3,{}
U0045,31+,High School,Mathematics,Senior,Cybersecurity Analyst,0.927,Cybersecurity Analyst|Backend Developer|Cloud Engineer,1,4,5,5,4,1,3,2,4,3,3,2,1,3,4,3,1,5,1,1,2,2,2,4,4,1,3,2,3,1,2,3,2,1,4,3,3,2,3,2,5,{}
U0046,24-26,Bachelor's,Software Engineering,Junior,AI Engineer,0.99,AI Engineer|Data Analyst|Database Administrator,4,5,3,1,5,3,3,4,1,3,5,2,4,0,0,3,5,0,2,5,2,5,4,1,1,5,4,4,5,3,5,2,3,3,5,3,2,3,3,5,4,{}
U0047,24-26,Bachelor's,Mathematics,Graduate Year 2+,Data Scientist,0.575,Data Scientist|Machine Learning Engineer|Software Engineer,3,1,3,3,2,1,2,1,1,3,0,2,2,1,2,0,0,1,1,0,3,1,1,2,2,1,1,2,1,3,2,3,3,2,1,2,1,1,3,2,4,"{'Python': 2, 'Statistics': 4, 'Machine Learning': 4, 'Data Analysis': 3}"
U0048,31+,Bachelor's,Other,Freshman,Database Administrator,0.716,Database Administrator|Backend Developer|Software Engineer,2,1,5,1,3,3,4,1,4,3,2,3,1,2,1,4,2,1,1,0,4,2,2,2,1,2,3,2,2,4,2,2,2,3,2,1,4,3,2,1,3,{}
U0049,21-23,Professional Certification,Computer Science,Graduate,Database Administrator,0.897,Database Administrator|Data Scientist|AI Engineer,5,2,3,2,5,1,1,1,1,3,3,1,1,0,0,5,3,0,5,2,1,3,3,1,1,4,4,1,4,1,3,1,5,2,3,3,1,3,5,5,5,{}
U0050,18-20,Master's,Other,Sophomore,Cloud Engineer,0.726,Cloud Engineer|Network Engineer|Cybersecurity Analyst,5,2,3,3,3,4,3,5,2,1,2,2,5,3,3,3,5,3,3,2,3,2,1,3,2,5,2,4,4,3,2,4,5,4,4,4,4,4,1,3,3,{}
U0051,Under 18,Bachelor's,Information Systems,Graduate Year 1,AI Engineer,1.0,AI Engineer|UI/UX Designer|Frontend Developer,5,5,2,1,3,5,3,3,1,1,2,5,5,0,0,1,4,4,3,5,1,4,5,5,1,5,3,3,4,1,3,5,4,4,4,5,1,3,1,4,5,{}
U0052,24-26,Professional Certification,Information Technology,Junior,Software Engineer,0.863,Software Engineer|AI Engineer|Backend Developer,2,3,4,1,1,2,4,0,5,4,2,0,2,2,2,0,2,0,1,1,3,2,3,1,2,2,1,1,2,3,3,2,1,1,3,3,3,1,4,5,4,{}
U0053,18-20,Bachelor's,Information Technology,Graduate Year 2+,Data Analyst,1.0,Data Analyst|AI Engineer|Data Scientist,2,5,5,1,3,5,5,5,4,5,4,3,5,0,0,4,2,1,5,4,5,5,4,1,1,2,3,3,3,4,4,2,3,4,2,4,3,3,4,5,3,{}
U0054,31+,Master's,Information Systems,Graduate,Database Administrator,0.981,Database Administrator|Backend Developer|Cybersecurity Analyst,4,3,5,2,5,1,4,2,5,4,5,2,1,3,0,5,5,4,5,2,5,4,4,3,4,5,4,2,2,5,3,3,3,2,1,3,3,5,3,5,1,{}
U0055,Under 18,Bachelor's,Physics,Not applicable,Data Analyst,0.713,Data Analyst|Database Administrator|Cloud Engineer,4,5,1,3,4,3,0,3,1,1,4,3,1,1,4,3,3,5,4,5,1,3,2,4,2,2,5,3,4,2,3,4,4,4,4,3,2,3,2,3,5,{}
U0056,31+,Associate's,Mathematics,Graduate Year 2+,Network Engineer,0.822,Network Engineer|Cloud Engineer|Cybersecurity Analyst,2,2,3,5,2,1,3,2,1,1,3,0,1,4,5,2,3,4,3,2,2,3,2,3,3,3,2,1,2,3,3,4,1,1,2,3,3,4,5,2,2,{}
U0057,24-26,PhD,Electrical Engineering,Sophomore,Data Scientist,0.838,Data Scientist|Machine Learning Engineer|AI Engineer,5,5,4,1,2,2,4,3,2,5,0,2,1,2,0,2,0,1,4,4,3,3,3,1,1,1,1,2,3,4,4,1,5,2,3,4,2,5,2,2,1,"{'Python': 0, 'Statistics': 4, 'Machine Learning': 0, 'Data Analysis': 0}"
U0058,21-23,PhD,Information Technology,Freshman,Frontend Developer,0.988,Frontend Developer|Backend Developer|UI/UX Designer,3,2,5,4,4,4,4,5,5,3,3,4,4,3,5,5,3,1,0,1,5,1,3,1,3,2,5,4,4,5,1,1,1,4,3,2,4,4,3,2,1,{}
U0059,31+,Associate's,Computer Engineering,Graduate Year 1,Network Engineer,0.835,Network Engineer|AI Engineer|Data Analyst,5,4,1,5,1,2,0,1,0,1,1,0,0,4,5,2,1,3,4,2,1,3,1,2,4,2,3,1,4,1,4,1,5,1,5,5,1,2,1,2,5,{}
U0060,18-20,Associate's,Information Systems,Graduate,Network Engineer,0.987,Network Engineer|Cloud Engineer|Cybersecurity Analyst,4,2,4,5,2,3,3,1,5,3,3,4,3,5,3,2,3,4,3,1,2,2,1,5,4,2,2,3,3,3,2,4,2,4,3,3,2,3,2,5,4,{}
U0061,21-23,Bachelor's,Physics,Not applicable,Data Analyst,0.843,Data Analyst|Data Scientist|Database Administrator,5,4,1,1,2,5,2,3,0,0,3,4,5,1,0,3,3,0,3,5,1,4,4,1,1,4,3,4,3,1,3,1,4,4,3,4,1,3,3,5,5,{}
U0062,27-30,Associate's,Computer Science,Graduate Year 1,Machine Learning Engineer,1.0,Machine Learning Engineer|Data Scientist|Database Administrator,3,4,5,4,5,5,5,3,5,4,4,3,3,5,4,3,2,4,5,4,3,5,4,3,4,1,3,3,5,4,5,4,3,2,5,4,2,3,3,5,1,{}
U0063,Under 18,Bachelor's,Information Systems,Graduate Year 2+,Cybersecurity Analyst,0.991,Cybersecurity Analyst|Database Administrator|Backend Developer,4,1,4,3,4,3,2,4,2,5,3,2,2,4,3,4,3,5,3,0,2,2,1,5,5,4,4,4,4,3,2,5,3,4,4,2,3,3,2,4,3,{}
U0064,18-20,Master's,Information Systems,Sophomore,Machine Learning Engineer,0.893,Machine Learning Engineer|Software Engineer|Backend Developer,4,2,5,5,4,4,5,4,5,4,2,3,5,5,3,5,3,3,3,4,3,4,4,3,5,3,3,3,4,2,4,2,4,3,4,3,3,5,5,2,5,{}
U0065,18-20,Bachelor's,Information Systems,Sophomore,Cloud Engineer,0.877,Cloud Engineer|Cybersecurity Analyst|Network Engineer,1,1,3,4,1,2,2,3,1,3,0,1,0,5,4,0,3,2,1,0,3,1,1,2,5,2,1,2,3,4,2,3,1,1,4,1,1,1,3,1,1,{}
U0066,Under 18,Bachelor's,Physics,Sophomore,Data Scientist,0.934,Data Scientist|Network Engineer|Software Engineer,3,5,5,4,2,2,4,2,3,4,2,2,3,4,2,1,1,3,4,4,3,2,5,4,4,2,3,3,5,2,1,5,5,3,5,4,4,3,5,1,4,"{'Python': 0, 'Statistics': 4, 'Machine Learning': 0, 'Data Analysis': 0}"
U0067,27-30,High School,Other,Graduate,Frontend Developer,1.0,Frontend Developer|Software Engineer|Database Administrator,2,3,5,1,5,5,3,5,5,3,4,3,5,0,2,3,0,1,0,1,3,2,3,2,1,1,3,3,5,2,1,2,2,3,5,1,2,2,1,2,3,{}
U0068,21-23,Bachelor's,Computer Science,Not applicable,UI/UX Designer,0.986,UI/UX Designer|Frontend Developer|Software Engineer,3,4,5,2,2,5,3,4,3,5,0,5,5,3,2,1,0,5,4,2,4,1,1,4,4,1,1,5,4,5,2,5,5,4,3,4,4,4,3,5,2,{}
U0069,27-30,High School,Software Engineering,Junior,Frontend Developer,1.0,Frontend Developer|UI/UX Designer|Cloud Engineer,2,5,3,2,2,5,1,5,1,2,3,5,4,2,2,1,3,3,3,2,2,3,3,3,3,2,1,5,4,3,2,3,5,5,4,2,5,2,4,2,4,{}
U0070,31+,Bachelor's,Mathematics,Not applicable,Data Scientist,0.843,Data Scientist|AI Engineer|Software Engineer,5,4,5,2,4,1,4,0,4,5,2,1,1,3,0,2,2,0,2,3,3,1,3,1,3,3,2,1,4,4,1,2,3,1,3,3,2,5,3,3,3,"{'Python': 0, 'Statistics': 4, 'Machine Learning': 1, 'Data Analysis': 2}"
U0071,24-26,Bachelor's,Information Technology,Graduate,Frontend Developer,0.639,Frontend Developer|UI/UX Designer|Cybersecurity Analyst,3,2,2,2,2,4,0,5,1,2,0,2,3,1,0,2,3,4,2,1,3,1,1,4,2,4,1,3,3,3,1,5,1,4,4,1,3,2,1,4,2,{}
U0072,24-26,Associate's,Computer Engineering,Sophomore,Data Analyst,0.99,Data Analyst|Database Administrator|Software Engineer,2,5,5,1,5,3,4,1,3,5,5,2,1,1,1,5,2,1,5,2,2,3,4,1,1,3,5,1,3,3,3,2,3,1,3,5,2,3,1,4,4,{}
U0073,18-20,Master's,Data Science,Graduate Year 2+,Software Engineer,0.772,Software Engineer|Database Administrator|Backend Developer,1,1,5,2,4,1,3,0,4,5,3,2,0,2,0,2,2,5,0,0,3,1,2,4,1,2,3,1,3,4,1,4,1,1,3,1,1,2,3,3,1,{}
U0074,24-26,Master's,Software Engineering,Not applicable,Frontend Developer,0.836,Frontend Developer|UI/UX Designer|Cybersecurity Analyst,1,3,2,1,1,4,2,5,3,0,0,4,3,0,2,0,2,3,0,0,2,1,1,4,1,2,1,5,2,2,1,3,2,5,3,1,5,2,2,3,5,{}
U0075,24-26,Associate's,Electrical Engineering,Graduate Year 2+,Cloud Engineer,0.653,Cloud Engineer|Network Engineer|Database Administrator,2,2,1,3,3,4,2,3,0,0,2,2,3,1,4,2,5,3,0,1,1,2,3,4,1,5,1,3,1,1,1,4,3,2,1,1,2,1,3,1,4,{}
U0076,21-23,Bachelor's,Information Technology,Senior,Backend Developer,0.715,Backend Developer|Cybersecurity Analyst|Database Administrator,3,2,2,5,4,2,3,0,2,1,3,1,3,3,5,2,2,2,1,0,2,1,2,1,2,2,3,2,4,2,1,1,1,2,5,2,3,1,4,1,3,{}
U0077,31+,Bachelor's,Computer Science,Junior,Database Administrator,1.0,Database Administrator|Cloud Engineer|Software Engineer,5,3,5,4,5,1,3,2,5,3,5,0,2,2,3,5,5,1,3,3,2,3,3,1,1,5,4,1,3,1,3,1,4,2,2,4,1,3,5,3,5,{}
U0078,Under 18,Bachelor's,Electrical Engineering,Graduate Year 2+,Data Scientist,0.974,Data Scientist|Data Analyst|Machine Learning Engineer,4,3,4,2,3,2,5,0,5,3,4,0,2,0,2,3,5,3,5,4,3,3,5,2,1,5,5,2,4,2,4,2,3,2,4,5,3,3,3,5,4,"{'Python': 0, 'Statistics': 4, 'Machine Learning': 0, 'Data Analysis': 0}"
U0079,Under 18,High School,Software Engineering,Graduate Year 1,Database Administrator,0.606,Database Administrator|Data Analyst|Data Scientist,3,3,1,1,5,1,2,0,1,0,3,0,1,0,1,3,4,5,2,2,1,2,1,4,1,4,4,1,3,1,3,3,2,1,2,2,1,3,3,1,5,{}
U0080,27-30,Master's,Electrical Engineering,Freshman,Frontend Developer,0.878,Frontend Developer|UI/UX Designer|Backend Developer,1,4,4,3,3,5,2,3,2,2,2,5,5,3,4,2,3,3,1,3,2,3,1,3,4,3,2,5,4,2,4,2,2,5,3,2,4,1,1,4,4,{}
U0081,27-30,Bachelor's,Computer Engineering,Junior,Database Administrator,0.985,Database Administrator|UI/UX Designer|Frontend Developer,2,3,4,1,5,4,4,5,2,5,4,4,2,2,0,3,1,1,3,1,5,4,1,1,3,1,4,5,2,4,4,1,2,5,2,4,5,3,5,1,1,{}
U0082,24-26,High School,Electrical Engineering,Graduate Year 1,Machine Learning Engineer,0.684,Machine Learning Engineer|Software Engineer|Backend Developer,2,1,4,2,1,1,4,0,2,4,1,0,0,1,1,2,2,2,0,3,1,1,5,3,1,1,3,1,3,1,1,3,2,1,2,1,1,2,5,3,5,{}
U0083,Under 18,Master's,Computer Science,Graduate Year 1,Frontend Developer,0.754,Frontend Developer|Database Administrator|UI/UX Designer,2,4,2,1,3,4,0,2,2,1,4,4,4,1,0,2,2,0,1,2,1,3,1,1,1,3,2,2,2,1,3,1,2,3,3,3,1,2,2,2,4,{}
U0084,27-30,Associate's,Data Science,Graduate Year 2+,Software Engineer,0.786,Software Engineer|Machine Learning Engineer|Backend Developer,1,4,5,1,1,3,4,1,5,3,1,4,4,2,1,0,4,3,0,2,3,1,2,2,2,3,1,3,2,3,2,2,3,2,1,1,2,3,3,5,2,{}
U0085,31+,Bachelor's,Electrical Engineering,Not applicable,Cloud Engineer,0.847,Cloud Engineer|Cybersecurity Analyst|Data Analyst,4,5,1,4,1,3,0,4,1,0,2,3,1,5,2,0,5,5,5,2,1,3,1,5,5,4,2,2,2,1,2,5,5,2,1,5,2,2,2,2,5,{}
U0086,18-20,Master's,Computer Engineering,Junior,Backend Developer,0.915,Backend Developer|Database Administrator|Software Engineer,2,2,5,2,4,1,4,0,5,5,3,0,2,3,0,5,3,2,1,0,3,1,2,1,3,2,4,1,3,2,1,2,2,1,4,3,2,3,2,3,4,{}
U0087,24-26,Master's,Other,Sophomore,Backend Developer,1.0,Backend Developer|Software Engineer|Database Administrator,5,4,5,2,5,2,5,0,5,5,5,0,2,0,2,5,3,4,5,3,4,4,3,3,1,4,5,1,3,3,3,2,5,2,3,5,1,5,1,1,3,{}
U0088,21-23,High School,Software Engineering,Sophomore,Cloud Engineer,0.726,Cloud Engineer|Cybersecurity Analyst|Network Engineer,1,2,2,3,3,2,1,2,3,3,1,2,2,2,3,1,5,5,2,0,1,2,1,5,1,5,1,2,3,1,3,5,1,2,4,3,2,2,3,1,5,{}
U0089,27-30,PhD,Physics,Graduate Year 1,Database Administrator,0.977,Database Administrator|Data Analyst|Frontend Developer,3,3,1,1,5,4,1,4,0,0,5,2,4,1,0,5,3,0,4,1,1,4,1,1,1,3,4,2,4,1,3,2,3,2,3,2,3,3,2,3,5,{}
U0090,18-20,PhD,Other,Graduate Year 1,Network Engineer,0.852,Network Engineer|Cybersecurity Analyst|Data Scientist,4,3,2,5,1,1,0,1,0,2,0,0,0,3,5,0,1,4,4,3,2,1,1,5,3,1,1,1,2,3,1,5,5,1,3,3,3,2,2,1,3,{}
U0091,18-20,Associate's,Mathematics,Senior,Frontend Developer,0.862,Frontend Developer|UI/UX Designer|Software Engineer,2,3,3,2,2,4,4,5,4,2,1,3,4,1,0,3,3,3,0,3,4,2,3,4,1,3,2,5,3,4,2,5,2,4,2,3,4,3,4,5,3,{}
U0092,27-30,Bachelor's,Information Systems,Graduate Year 2+,Database Administrator,0.929,Database Administrator|Software Engineer|AI Engineer,3,2,5,4,4,1,4,1,5,4,4,0,2,2,5,5,3,2,1,3,4,2,5,2,2,4,3,2,3,4,1,3,1,1,3,1,3,4,5,2,1,{}
U0093,18-20,Master's,Software Engineering,Graduate Year 2+,Network Engineer,0.816,Network Engineer|AI Engineer|Frontend Developer,4,3,3,4,3,4,3,4,2,1,4,3,4,3,3,3,3,2,5,3,2,5,2,2,2,2,4,5,4,1,5,3,3,4,3,4,3,4,4,3,5,{}
U0094,18-20,Bachelor's,Other,Graduate Year 1,Cloud Engineer,0.986,Cloud Engineer|Software Engineer|Machine Learning Engineer,5,3,5,4,2,1,5,1,5,4,0,0,0,2,4,1,4,4,3,4,4,1,5,5,3,5,1,1,4,5,2,5,3,1,3,3,1,3,3,4,1,{}
U0095,24-26,High School,Computer Science,Senior,Frontend Developer,0.997,Frontend Developer|UI/UX Designer|Backend Developer,3,1,4,3,4,5,5,5,3,2,3,5,5,1,4,4,3,2,1,2,5,3,5,1,2,4,5,5,3,5,3,1,2,4,3,1,5,2,5,2,1,{}
U0096,24-26,Professional Certification,Other,Junior,Cybersecurity Analyst,0.7,Cybersecurity Analyst|Network Engineer|Machine Learning Engineer,4,5,3,3,4,2,2,1,3,1,3,2,1,4,1,2,2,3,3,2,3,4,1,2,5,1,1,2,5,2,4,3,5,3,4,5,2,4,4,5,5,{}
U0097,24-26,Associate's,Computer Science,Freshman,Data Scientist,0.634,Data Scientist|Machine Learning Engineer|UI/UX Designer,5,4,1,1,1,2,2,2,0,0,0,0,3,0,2,1,0,1,4,3,1,1,2,1,1,1,1,2,3,1,1,1,4,1,4,5,2,3,2,1,4,"{'Python': 2, 'Statistics': 4, 'Machine Learning': 1, 'Data Analysis': 0}"
U0098,24-26,Bachelor's,Physics,Freshman,Cybersecurity Analyst,0.882,Cybersecurity Analyst|Cloud Engineer|Network Engineer,2,2,4,4,3,1,2,0,2,3,2,0,0,5,2,1,3,4,3,1,2,2,2,4,5,3,3,1,2,1,1,3,2,2,3,3,2,3,2,1,5,{}
U0099,21-23,Master's,Software Engineering,Graduate Year 1,Database Administrator,0.548,Database Administrator|Machine Learning Engineer|Data Scientist,3,5,2,1,3,3,0,1,0,1,2,3,2,2,0,3,4,2,3,3,1,3,2,1,2,4,2,3,3,1,2,1,3,2,3,4,3,3,4,5,5,{}
U0100,27-30,Bachelor's,Computer Science,Sophomore,Network Engineer,0.878,Network Engineer|Data Scientist|Machine Learning Engineer,5,4,3,5,2,1,3,2,3,4,0,1,0,4,5,1,2,3,2,4,3,3,3,3,3,1,1,2,2,4,3,4,3,1,1,4,2,3,3,2,1,{}
U0101,18-20,High School,Software Engineering,Not applicable,Machine Learning Engineer,0.794,Machine Learning Engineer|UI/UX Designer|Frontend Developer,1,5,4,2,3,4,3,4,3,3,2,3,3,1,1,2,3,2,1,4,2,2,4,3,2,4,1,2,3,2,2,4,4,1,3,2,3,3,5,4,4,{}
U0102,21-23,Bachelor's,Information Technology,Graduate Year 2+,Network Engineer,0.689,Network Engineer|Frontend Developer|UI/UX Designer,2,1,1,4,2,3,0,4,0,0,3,3,2,4,2,0,1,3,2,1,1,2,1,4,5,2,3,4,1,1,1,5,3,5,1,3,3,1,3,2,4,{}
U0103,18-20,Bachelor's,Mathematics,Graduate Year 2+,Database Administrator,0.846,Database Administrator|Frontend Developer|Network Engineer,5,3,2,3,5,3,0,3,1,2,3,3,2,1,2,5,4,2,5,3,1,4,2,3,2,4,5,3,3,1,4,4,5,2,2,4,2,4,3,2,5,{}
U0104,27-30,Bachelor's,Computer Engineering,Freshman,Network Engineer,1.0,Network Engineer|Cybersecurity Analyst|AI Engineer,5,5,3,4,4,1,4,2,2,1,2,2,1,5,3,3,5,5,5,3,1,4,4,5,5,4,1,3,3,2,5,5,4,3,3,4,3,4,3,3,5,{}
U0105,21-23,Bachelor's,Computer Engineering,Not applicable,Data Scientist,0.974,Data Scientist|Data Analyst|AI Engineer,5,3,2,3,4,1,3,0,2,0,3,0,0,3,2,4,0,2,3,5,1,5,3,2,4,1,5,1,4,1,5,3,3,2,3,4,1,3,1,3,5,"{'Python': 1, 'Statistics': 4, 'Machine Learning': 0, 'Data Analysis': 1}"
U0106,21-23,Master's,Data Science,Graduate Year 2+,AI Engineer,0.796,AI Engineer|Cloud Engineer|Cybersecurity Analyst,2,3,4,5,2,4,4,4,2,5,2,2,5,5,4,1,3,3,2,3,5,3,5,2,5,3,1,3,4,5,4,3,1,2,5,1,4,2,3,4,2,{}
U0107,18-20,Master's,Data Science,Freshman,Cloud Engineer,0.903,Cloud Engineer|Network Engineer|Database Administrator,1,3,1,5,4,2,2,3,0,0,3,3,0,4,5,3,4,0,2,3,1,4,1,1,3,4,3,1,4,1,3,1,2,1,4,3,1,1,3,5,5,{}
U0108,31+,Professional Certification,Mathematics,Freshman,Database Administrator,0.751,Database Administrator|Data Analyst|UI/UX Designer,4,1,1,2,3,3,0,2,0,0,4,1,4,1,3,1,0,5,3,1,1,3,1,4,2,1,2,2,1,1,2,3,3,1,2,3,3,4,5,3,5,{}
U0109,Under 18,Associate's,Data Science,Sophomore,Database Administrator,0.839,Database Administrator|Backend Developer|Software Engineer,1,2,5,2,4,4,3,3,3,5,3,2,2,0,0,4,5,2,1,3,4,1,2,2,1,5,5,2,2,4,2,2,1,2,1,2,4,2,1,2,3,{}
U0110,21-23,Associate's,Other,Not applicable,Network Engineer,0.979,Network Engineer|Software Engineer|Cloud Engineer,5,4,4,5,1,2,3,3,4,3,0,2,3,3,4,1,4,1,4,2,2,1,1,1,2,5,1,4,3,1,2,1,4,4,2,5,4,3,1,2,4,{}
U0111,18-20,Bachelor's,Electrical Engineering,Graduate Year 1,Database Administrator,1.0,Database Administrator|Cloud Engineer|Network Engineer,5,2,5,5,5,4,5,5,3,5,3,2,2,5,3,5,5,0,2,2,4,2,3,1,4,4,5,4,4,4,1,1,5,3,5,3,5,3,1,5,3,{}
U0112,31+,Bachelor's,Physics,Graduate Year 2+,Database Administrator,1.0,Database Administrator|Backend Developer|Data Analyst,4,4,3,2,5,1,3,0,4,2,5,0,2,3,1,5,5,1,4,2,3,4,2,2,3,5,5,1,4,2,3,1,5,1,4,5,1,4,5,1,5,{}
U0113,24-26,Bachelor's,Physics,Not applicable,Database Administrator,1.0,Database Administrator|Backend Developer|Data Analyst,3,4,5,1,5,3,3,1,4,4,5,4,1,0,0,4,5,4,2,2,3,2,3,3,1,5,3,1,5,2,3,2,4,1,5,2,1,2,4,4,4,{}
U0114,27-30,Professional Certification,Computer Science,Graduate,Data Analyst,1.0,Data Analyst|Database Administrator|Data Scientist,3,4,3,2,3,4,4,2,1,2,4,2,4,2,2,4,3,0,4,4,2,3,3,1,2,4,5,4,3,3,2,1,4,5,4,4,3,2,3,2,3,{}
U0115,21-23,Bachelor's,Physics,Sophomore,Cloud Engineer,0.827,Cloud Engineer|Network Engineer|Cybersecurity Analyst,1,2,1,4,4,4,0,3,0,0,3,2,2,3,3,3,5,5,2,3,1,3,1,5,3,4,3,3,4,2,2,5,2,2,5,2,1,1,2,1,5,{}
U0116,21-23,Master's,Data Science,Junior,Software Engineer,0.925,Software Engineer|Data Scientist|Backend Developer,4,3,4,4,4,4,3,2,4,4,2,4,2,3,3,5,0,0,4,3,4,3,4,1,2,1,5,2,4,3,4,2,3,1,4,4,4,5,4,2,4,{}
U0117,24-26,Master's,Software Engineering,Graduate Year 1,Network Engineer,0.924,Network Engineer|Cybersecurity Analyst|Data Scientist,3,5,1,5,2,3,1,3,0,1,3,1,3,3,5,3,1,4,5,4,2,5,1,3,4,2,3,3,4,3,4,4,4,2,4,3,3,4,4,2,2,{}
U0118,Under 18,PhD,Mathematics,Senior,Software Engineer,1.0,Software Engineer|UI/UX Designer|Machine Learning Engineer,4,4,5,5,3,5,4,5,3,4,3,5,4,5,5,1,0,0,2,3,5,2,5,1,5,1,2,5,4,5,2,1,5,5,4,2,5,3,1,3,2,{}
U0119,21-23,Bachelor's,Information Technology,Graduate Year 1,Data Analyst,0.779,Data Analyst|Data Scientist|Database Administrator,4,5,3,3,1,1,1,0,3,2,2,1,0,2,3,2,0,1,3,4,1,4,1,2,3,1,3,1,3,1,4,3,4,1,2,5,1,3,3,2,5,{}
U0120,31+,Master's,Other,Not applicable,Frontend Developer,0.92,Frontend Developer|Software Engineer|Data Scientist,4,5,5,2,5,4,3,5,4,5,3,5,4,1,1,5,2,4,5,4,5,4,4,3,1,2,4,5,5,5,5,3,3,5,4,5,4,5,1,5,2,{}
U0121,24-26,Master's,Mathematics,Junior,Frontend Developer,0.611,Frontend Developer|Network Engineer|UI/UX Designer,3,2,4,3,3,3,2,3,2,2,1,3,2,3,2,3,2,1,2,0,2,2,1,1,4,1,3,2,3,1,1,1,2,2,3,2,1,2,4,1,5,{}
U0122,21-23,Master's,Other,Graduate Year 1,Cloud Engineer,0.716,Cloud Engineer|UI/UX Designer|Network Engineer,2,5,1,3,2,3,0,3,0,2,2,4,1,3,1,0,5,5,3,2,1,3,1,5,3,5,1,4,4,1,3,4,3,3,4,4,3,3,3,4,5,{}
U0123,21-23,Bachelor's,Software Engineering,Senior,Data Scientist,0.964,Data Scientist|AI Engineer|Cybersecurity Analyst,5,5,3,2,1,2,2,3,2,3,0,3,0,3,1,0,3,3,5,4,2,2,3,3,4,4,1,3,4,2,2,3,5,2,5,5,1,4,5,1,4,"{'Python': 2, 'Statistics': 4, 'Machine Learning': 0, 'Data Analysis': 0}"
U0124,18-20,Associate's,Mathematics,Freshman,AI Engineer,0.815,AI Engineer|Network Engineer|Cybersecurity Analyst,4,5,4,4,1,3,2,4,4,3,0,3,2,4,3,0,1,3,5,4,3,2,4,2,4,1,1,3,5,4,3,2,3,2,5,4,3,4,5,2,3,{}
U0125,Under 18,PhD,Information Systems,Junior,AI Engineer,1.0,AI Engineer|Machine Learning Engineer|Software Engineer,5,4,5,4,3,3,3,1,5,3,2,1,4,3,2,2,2,2,4,5,4,5,3,2,2,3,3,2,3,5,5,2,4,1,2,4,3,5,4,2,1,{}
U0126,18-20,Bachelor's,Mathematics,Graduate Year 1,Database Administrator,0.783,Database Administrator|Data Analyst|Backend Developer,1,3,3,2,5,1,2,1,4,3,3,0,1,3,1,5,3,1,3,3,3,2,1,2,4,2,4,1,1,3,1,1,3,1,2,1,3,1,1,5,4,{}
U0127,18-20,Associate's,Computer Engineering,Sophomore,Data Scientist,0.704,Data Scientist|Data Analyst|Frontend Developer,5,3,2,1,2,3,3,4,2,0,0,3,3,1,0,0,0,3,5,4,3,4,5,2,1,1,1,2,4,2,3,2,3,1,4,5,2,3,4,2,5,"{'Python': 1, 'Statistics': 4, 'Machine Learning': 0, 'Data Analysis': 0}"
U0128,24-26,PhD,Other,Junior,Database Administrator,0.841,Database Administrator|AI Engineer|Data Analyst,5,4,1,1,5,1,2,0,1,2,5,0,2,2,0,4,0,5,5,5,1,5,5,5,3,1,5,1,3,2,5,5,5,1,4,5,1,5,1,5,4,{}
U0129,24-26,Professional Certification,Other,Graduate Year 2+,Software Engineer,0.76,Software Engineer|Machine Learning Engineer|Backend Developer,1,4,5,3,2,2,5,1,5,5,2,0,3,1,4,0,2,2,0,1,3,2,2,2,2,3,1,1,4,2,3,1,1,2,5,3,2,1,5,3,4,{}
U0130,21-23,Professional Certification,Data Science,Not applicable,Frontend Developer,0.938,Frontend Developer|UI/UX Designer|Backend Developer,2,1,4,2,4,5,2,5,4,5,4,3,4,2,2,2,4,0,3,0,4,3,1,1,3,4,4,4,3,3,2,1,1,3,4,3,4,4,5,5,4,{}
U0131,24-26,High School,Computer Science,Graduate Year 2+,Network Engineer,1.0,Network Engineer|Cloud Engineer|Backend Developer,5,1,4,5,4,1,4,1,3,3,5,0,0,5,4,4,5,4,1,1,4,3,1,4,5,5,5,1,2,3,2,4,2,1,3,3,1,3,5,1,3,{}
U0132,18-20,Bachelor's,Physics,Graduate Year 1,Cloud Engineer,0.891,Cloud Engineer|Software Engineer|Machine Learning Engineer,4,5,4,3,1,3,3,3,3,3,0,3,2,4,3,2,5,1,4,3,3,1,3,2,3,5,2,3,4,3,1,3,5,2,4,4,3,5,2,1,2,{}
U0133,21-23,Master's,Physics,Not applicable,Network Engineer,0.874,Network Engineer|Frontend Developer|AI Engineer,2,4,3,5,3,5,4,3,4,3,4,5,5,5,3,1,3,5,2,4,4,2,3,5,4,2,1,4,3,3,1,5,3,4,4,4,5,3,5,2,3,{}
U0134,21-23,Master's,Information Systems,Sophomore,AI Engineer,0.833,AI Engineer|Cloud Engineer|Data Scientist,5,4,2,3,1,2,2,1,1,2,1,2,2,1,4,2,5,1,2,5,1,2,3,2,2,5,1,3,3,1,1,1,4,4,3,4,3,2,3,4,5,{}
U0135,21-23,Bachelor's,Computer Engineering,Junior,Database Administrator,0.859,Database Administrator|Network Engineer|Cloud Engineer,4,2,1,5,5,2,0,3,1,2,3,0,3,3,5,5,3,2,3,2,1,3,1,2,3,2,5,1,3,2,3,2,2,1,4,3,1,2,1,3,5,{}
U0136,Under 18,Bachelor's,Physics,Graduate Year 2+,Cybersecurity Analyst,0.985,Cybersecurity Analyst|Network Engineer|Database Administrator,2,2,3,5,5,1,4,2,3,4,4,2,0,4,4,5,3,5,2,1,3,2,1,5,5,4,4,1,2,4,3,5,2,2,1,2,3,3,2,3,3,{}
U0137,31+,Bachelor's,Data Science,Graduate Year 1,Database Administrator,0.875,Database Administrator|Data Analyst|Software Engineer,1,4,4,3,4,3,2,4,3,5,4,1,3,3,3,3,2,3,3,0,4,2,2,2,2,2,4,3,3,3,2,2,1,2,4,2,4,2,2,4,3,{}
U0138,27-30,Bachelor's,Information Systems,Not applicable,Software Engineer,0.681,Software Engineer|Data Scientist|Backend Developer,2,2,3,1,3,2,2,3,3,3,3,3,0,1,1,1,0,3,3,3,3,3,1,2,2,1,1,1,3,4,3,1,1,2,3,1,3,2,5,2,2,{}
U0139,24-26,Professional Certification,Data Science,Graduate,UI/UX Designer,0.552,UI/UX Designer|Backend Developer|Database Administrator,1,1,3,1,3,3,3,4,3,1,3,2,1,0,0,2,0,2,1,0,2,1,2,1,1,1,3,3,3,1,1,2,1,3,3,2,1,3,5,4,5,{}
U0140,21-23,PhD,Computer Science,Freshman,Network Engineer,0.694,Network Engineer|Backend Developer|Cybersecurity Analyst,2,2,4,4,4,1,4,0,5,2,2,0,1,5,3,2,1,3,2,3,4,1,4,3,5,1,2,1,2,5,2,2,3,1,3,1,2,2,1,5,1,{}
U0141,24-26,Professional Certification,Information Technology,Graduate Year 1,Cybersecurity Analyst,0.899,Cybersecurity Analyst|Database Administrator|Cloud Engineer,1,2,2,4,5,3,2,3,0,1,5,1,3,5,4,3,4,5,1,1,3,3,2,5,5,4,4,1,2,3,2,4,3,1,1,1,2,1,1,1,3,{}
U0142,18-20,Master's,Computer Science,Graduate Year 2+,Network Engineer,0.841,Network Engineer|Frontend Developer|Database Administrator,5,2,2,5,4,5,1,5,0,0,2,5,4,5,5,5,2,3,2,2,3,3,2,2,4,1,3,4,5,3,4,1,3,5,5,4,5,4,3,2,3,{}
U0143,24-26,Professional Certification,Electrical Engineering,Sophomore,Machine Learning Engineer,0.745,Machine Learning Engineer|AI Engineer|Network Engineer,3,5,2,3,1,2,3,2,0,3,0,0,2,3,2,0,1,2,3,2,2,2,3,2,2,1,1,1,3,1,1,2,3,1,3,5,3,2,5,5,4,{}
U0144,24-26,Master's,Mathematics,Graduate Year 2+,Data Analyst,0.874,Data Analyst|Database Administrator|AI Engineer,5,4,2,4,3,4,0,3,2,1,4,4,4,2,2,3,2,5,5,4,1,4,1,4,2,2,5,4,5,1,3,3,3,5,5,5,3,5,5,1,5,{}
U0145,24-26,Master's,Software Engineering,Graduate Year 1,UI/UX Designer,0.821,UI/UX Designer|Frontend Developer|Data Scientist,3,1,1,2,1,4,2,2,2,0,0,4,4,3,0,0,0,3,1,0,1,1,1,3,2,1,1,2,1,1,1,4,2,2,1,3,2,1,3,1,5,{}
U0146,24-26,Professional Certification,Data Science,Senior,Machine Learning Engineer,1.0,Machine Learning Engineer|Software Engineer|Cloud Engineer,5,2,5,5,1,1,5,0,4,5,0,0,0,3,5,1,3,4,3,3,5,1,4,3,3,3,1,1,4,5,2,3,3,1,4,2,2,3,3,1,1,{}
U0147,24-26,High School,Computer Science,Graduate Year 1,Machine Learning Engineer,0.88,Machine Learning Engineer|Backend Developer|Software Engineer,1,3,4,1,4,1,5,0,4,5,4,1,1,0,0,2,5,4,0,3,3,3,4,4,1,5,3,2,2,4,2,5,2,3,2,1,2,1,3,4,3,{}
U0148,21-23,Bachelor's,Information Systems,Senior,Frontend Developer,0.965,Frontend Developer|Network Engineer|UI/UX Designer,1,1,1,5,4,5,1,5,1,1,3,3,4,3,5,5,5,1,0,2,2,2,3,1,2,5,5,5,4,1,3,1,2,4,4,2,3,1,4,2,5,{}
U0149,21-23,High School,Data Science,Sophomore,Network Engineer,0.934,Network Engineer|AI Engineer|Cloud Engineer,3,5,4,4,3,3,2,2,3,3,2,4,2,4,4,3,3,3,4,4,2,2,4,3,5,4,1,3,3,3,1,2,5,2,3,4,3,5,1,5,2,{}
U0150,Under 18,High School,Mathematics,Senior,Frontend Developer,0.937,Frontend Developer|Cloud Engineer|Machine Learning Engineer,2,5,5,4,3,4,4,4,5,3,2,5,5,5,5,4,5,3,5,4,3,5,3,4,5,5,3,5,3,2,4,5,5,5,2,5,5,5,1,4,4,{}
U0151,21-23,Master's,Electrical Engineering,Graduate,Database Administrator,0.834,Database Administrator|Frontend Developer|Network Engineer,5,4,1,2,5,5,0,3,2,0,3,4,5,2,1,5,5,3,5,3,1,3,3,2,1,5,5,3,5,1,2,3,4,4,5,5,3,4,2,2,4,{}
U0152,27-30,Master's,Computer Engineering,Graduate Year 1,Software Engineer,0.814,Software Engineer|AI Engineer|Cloud Engineer,2,1,4,3,2,1,5,2,3,3,2,1,0,2,4,0,3,2,0,1,3,2,2,2,1,4,1,1,3,3,2,2,2,2,3,1,1,1,3,5,4,{}
U0153,21-23,Master's,Physics,Graduate Year 2+,Frontend Developer,0.82,Frontend Developer|UI/UX Designer|Cybersecurity Analyst,1,4,2,2,2,4,1,5,0,3,0,4,2,1,1,1,4,3,2,3,1,1,2,3,1,5,1,5,3,2,1,2,2,5,4,2,4,3,4,5,5,{}
U0154,18-20,Professional Certification,Information Technology,Graduate,Database Administrator,0.998,Database Administrator|UI/UX Designer|Network Engineer,4,3,1,4,5,4,0,5,0,1,5,5,4,3,4,5,4,1,2,2,3,4,1,2,2,3,5,5,5,4,4,2,4,5,4,4,4,3,5,2,2,{}
U0155,21-23,Bachelor's,Other,Freshman,Database Administrator,0.975,Database Administrator|Data Analyst|Backend Developer,4,3,3,3,5,3,2,1,3,4,4,4,2,4,2,3,1,2,5,2,1,4,3,2,4,1,5,1,3,1,5,2,5,1,2,3,1,3,5,5,5,{}
U0156,27-30,Professional Certification,Computer Engineering,Graduate,Database Administrator,0.837,Database Administrator|Network Engineer|UI/UX Designer,5,1,3,4,3,4,3,3,2,1,4,4,5,3,5,4,3,2,2,2,1,2,2,2,3,2,4,4,4,2,2,1,3,3,4,4,3,4,1,3,4,{}
U0157,27-30,Bachelor's,Computer Engineering,Junior,UI/UX Designer,0.958,UI/UX Designer|Software Engineer|Frontend Developer,1,5,4,4,1,4,4,3,5,5,2,5,4,4,3,0,3,5,1,2,3,2,4,5,3,2,1,4,3,4,2,4,3,4,4,1,5,2,2,2,1,{}
U0158,27-30,Bachelor's,Mathematics,Graduate,Cloud Engineer,0.642,Cloud Engineer|Frontend Developer|Cybersecurity Analyst,1,3,1,2,1,2,2,1,0,0,1,1,3,2,0,0,5,4,3,1,1,2,1,5,3,5,1,1,2,1,3,5,1,1,2,3,1,3,2,5,5,{}
U0159,24-26,PhD,Electrical Engineering,Not applicable,Cybersecurity Analyst,0.439,Cybersecurity Analyst|Software Engineer|Frontend Developer,1,1,2,2,1,2,0,1,2,0,0,0,1,3,0,0,2,3,1,2,1,1,1,2,2,3,1,1,1,1,2,2,1,2,1,2,1,2,5,2,5,{}
U0160,21-23,Bachelor's,Computer Engineering,Graduate Year 2+,Network Engineer,0.956,Network Engineer|Cybersecurity Analyst|Machine Learning Engineer,5,3,5,4,2,3,3,4,4,4,0,4,1,4,2,0,5,5,4,2,4,3,3,5,4,5,1,4,4,5,2,5,5,3,3,4,5,5,1,3,1,{}
U0161,21-23,Master's,Mathematics,Junior,Database Administrator,0.902,Database Administrator|Data Analyst|Backend Developer,4,3,2,2,5,2,2,1,3,3,5,0,0,0,1,5,2,1,5,4,2,5,2,2,1,3,4,1,4,2,5,2,4,1,5,3,1,5,1,2,5,{}
U0162,31+,Professional Certification,Physics,Senior,AI Engineer,0.944,AI Engineer|Machine Learning Engineer|Data Analyst,4,3,4,3,2,2,3,0,4,2,3,1,2,3,2,1,1,3,3,4,2,4,4,3,3,1,1,1,3,3,4,2,4,2,2,2,3,5,4,2,2,{}
U0163,27-30,High School,Software Engineering,Freshman,Data Analyst,0.742,Data Analyst|Data Scientist|Backend Developer,4,5,2,1,3,1,2,0,1,3,4,0,0,2,0,2,5,4,3,4,3,3,4,3,1,5,3,1,2,4,3,2,4,2,2,4,3,3,4,2,3,{}
U0164,27-30,Master's,Electrical Engineering,Freshman,Network Engineer,0.925,Network Engineer|Frontend Developer|Cloud Engineer,4,3,3,5,3,4,4,5,4,2,3,2,4,4,5,3,5,3,5,3,3,4,5,2,3,4,2,3,5,4,5,2,3,3,5,5,3,3,3,3,2,{}
U0165,24-26,Bachelor's,Computer Engineering,Not applicable,Frontend Developer,0.738,Frontend Developer|UI/UX Designer|Software Engineer,2,1,3,2,1,4,2,3,2,4,0,4,4,1,3,0,1,3,0,3,4,2,2,3,1,2,1,4,1,3,3,2,2,4,1,2,3,3,5,5,4,{}
U0166,24-26,Master's,Computer Engineering,Junior,AI Engineer,0.868,AI Engineer|Database Administrator|Machine Learning Engineer,5,3,2,3,5,4,3,4,0,0,4,4,2,1,3,4,1,0,2,5,1,5,3,1,2,2,5,3,4,1,5,1,5,4,5,3,3,3,2,2,5,{}
U0167,Under 18,Master's,Computer Engineering,Not applicable,Database Administrator,0.934,Database Administrator|AI Engineer|Software Engineer,4,2,4,5,5,3,3,3,2,5,5,3,1,5,3,5,0,2,1,4,2,3,5,3,5,1,4,1,4,2,3,4,3,1,5,3,3,3,4,1,5,{}
U0168,31+,Bachelor's,Other,Not applicable,Software Engineer,1.0,Software Engineer|Machine Learning Engineer|Network Engineer,2,2,5,4,3,4,5,3,4,5,1,3,3,3,4,2,3,5,0,3,5,1,3,5,4,2,1,2,4,5,2,5,2,2,3,1,5,3,1,5,1,{}
U0169,21-23,Bachelor's,Information Systems,Graduate Year 1,Cybersecurity Analyst,0.775,Cybersecurity Analyst|Cloud Engineer|AI Engineer,3,3,2,3,3,1,2,0,1,0,2,2,1,3,1,1,5,5,4,4,1,4,4,4,3,4,3,1,2,2,3,5,2,1,3,3,1,4,4,3,5,{}
U0170,31+,Bachelor's,Software Engineering,Senior,Database Administrator,0.659,Database Administrator|Data Analyst|Data Scientist,4,2,1,1,3,2,0,2,1,0,4,1,3,1,1,3,2,3,2,4,2,3,2,3,2,1,4,2,2,3,3,4,2,3,2,2,2,1,4,2,2,{}
U0171,24-26,Associate's,Data Science,Graduate Year 2+,Cloud Engineer,0.85,Cloud Engineer|Software Engineer|Network Engineer,2,1,4,3,1,2,5,1,3,4,2,1,1,2,3,1,5,2,2,3,4,1,4,1,3,5,2,2,3,4,1,2,1,2,3,3,3,3,3,2,3,{}
U0172,18-20,Master's,Mathematics,Not applicable,Cybersecurity Analyst,0.687,Cybersecurity Analyst|Network Engineer|UI/UX Designer,3,2,2,4,3,2,1,0,2,3,2,0,3,2,3,1,0,1,0,2,3,2,1,1,1,1,2,1,4,2,2,1,1,1,3,2,3,2,4,1,3,{}
U0173,21-23,Bachelor's,Mathematics,Graduate,Cloud Engineer,0.672,Cloud Engineer|AI Engineer|Network Engineer,1,2,1,2,1,1,1,0,0,0,0,0,2,3,1,0,5,4,1,3,1,1,3,4,3,5,1,1,1,2,1,3,1,2,1,1,1,2,3,4,5,{}
U0174,27-30,Professional Certification,Information Technology,Not applicable,Software Engineer,0.91,Software Engineer|Cloud Engineer|Backend Developer,3,2,5,2,4,5,3,5,5,5,5,3,3,3,3,2,5,2,0,0,4,3,3,3,3,5,3,4,4,5,2,4,2,5,5,1,3,2,4,4,2,{}
U0175,21-23,Bachelor's,Physics,Not applicable,Data Analyst,0.865,Data Analyst|Network Engineer|Cybersecurity Analyst,3,3,1,5,4,2,2,3,0,2,4,1,1,5,3,2,0,1,4,1,3,4,2,1,5,1,2,3,2,3,4,1,4,2,1,2,3,2,2,1,2,{}
U0176,21-23,Professional Certification,Other,Sophomore,UI/UX Designer,0.982,UI/UX Designer|Machine Learning Engineer|Database Administrator,4,3,4,2,5,5,3,5,3,3,3,4,5,0,1,5,2,0,5,5,4,3,4,1,1,2,5,4,4,5,4,1,3,3,4,3,5,4,1,5,1,{}
U0177,27-30,Bachelor's,Information Technology,Graduate Year 2+,Cloud Engineer,1.0,Cloud Engineer|Cybersecurity Analyst|Backend Developer,1,4,5,4,4,5,5,5,4,5,2,3,5,5,5,4,5,5,3,1,5,2,3,5,4,5,4,3,4,4,1,4,2,2,3,2,4,4,5,4,2,{}
U0178,21-23,Master's,Computer Engineering,Graduate Year 2+,UI/UX Designer,0.555,UI/UX Designer|Frontend Developer|Machine Learning Engineer,3,3,2,2,2,3,3,2,2,1,1,2,2,0,2,1,1,3,1,2,3,1,2,2,1,1,2,2,1,3,1,3,3,1,2,1,2,2,1,5,3,{}
U0179,31+,Professional Certification,Information Systems,Graduate,Software Engineer,0.867,Software Engineer|Data Scientist|Database Administrator,4,1,5,3,3,3,3,2,3,5,3,4,2,3,4,2,1,1,3,3,3,2,3,2,4,1,1,4,2,3,2,1,1,3,2,2,4,3,2,2,3,{}
U0180,Under 18,Professional Certification,Other,Junior,Cloud Engineer,0.921,Cloud Engineer|Network Engineer|Data Scientist,5,2,1,4,3,2,0,2,1,0,1,2,0,4,5,1,5,0,3,2,1,2,2,1,5,4,1,1,4,1,3,1,5,2,4,3,1,2,1,1,4,{}
U0181,31+,Master's,Computer Science,Freshman,UI/UX Designer,0.918,UI/UX Designer|Frontend Developer|Backend Developer,5,1,4,4,4,5,3,5,4,5,5,3,5,2,2,3,2,0,4,2,4,3,3,1,3,3,4,4,5,4,3,1,3,3,5,4,5,5,4,5,2,{}
U0182,21-23,Associate's,Data Science,Graduate,UI/UX Designer,1.0,UI/UX Designer|Data Scientist|AI Engineer,2,5,4,3,2,5,4,3,5,4,1,4,5,1,3,2,2,2,4,4,3,4,3,3,1,3,1,3,5,2,4,3,5,3,5,3,3,2,5,5,3,{}
U0183,24-26,Bachelor's,Computer Science,Senior,Frontend Developer,0.87,Frontend Developer|UI/UX Designer|Cloud Engineer,1,4,2,3,1,4,2,5,0,3,1,5,2,1,3,0,3,3,2,2,3,2,3,4,1,4,1,5,2,3,3,4,1,4,1,1,3,3,1,2,3,{}
U0184,Under 18,Bachelor's,Data Science,Graduate,Backend Developer,0.692,Backend Developer|Database Administrator|Machine Learning Engineer,2,4,4,2,4,1,3,0,3,4,2,1,1,0,2,5,2,1,1,3,3,2,2,2,1,2,3,2,4,3,3,3,2,1,5,2,2,2,3,5,4,{}
U0185,24-26,Professional Certification,Electrical Engineering,Graduate,Cybersecurity Analyst,0.895,Cybersecurity Analyst|Network Engineer|Data Analyst,4,5,3,5,5,4,3,3,1,3,4,4,2,5,3,3,4,4,3,2,1,2,3,3,4,4,3,2,3,2,3,2,5,3,3,5,1,4,3,4,5,{}
U0186,27-30,Professional Certification,Software Engineering,Graduate Year 2+,Frontend Developer,0.978,Frontend Developer|UI/UX Designer|Data Analyst,3,5,3,3,3,5,2,4,2,2,1,5,5,2,4,4,2,4,4,3,2,4,1,4,3,3,2,4,3,2,3,5,4,4,3,3,2,3,5,5,5,{}
U0187,31+,Bachelor's,Software Engineering,Sophomore,Cloud Engineer,0.993,Cloud Engineer|Data Analyst|Backend Developer,3,5,5,4,5,1,4,2,3,5,3,0,2,4,3,3,5,3,4,3,3,3,5,3,4,5,3,2,4,2,3,2,4,3,3,4,2,5,3,3,5,{}
U0188,21-23,Master's,Information Technology,Freshman,Database Administrator,0.77,Database Administrator|Network Engineer|Cloud Engineer,3,4,2,5,5,3,1,2,0,0,4,1,1,4,4,4,2,1,2,5,2,3,2,1,3,1,5,1,3,3,2,2,5,2,2,2,2,1,2,5,2,{}
U0189,24-26,High School,Data Science,Sophomore,Cybersecurity Analyst,0.846,Cybersecurity Analyst|Network Engineer|Data Scientist,3,3,3,5,2,4,1,2,3,4,2,2,3,5,5,0,2,0,4,4,3,3,2,1,5,3,1,2,4,4,4,2,2,2,3,2,3,2,2,2,3,{}
U0190,21-23,Bachelor's,Software Engineering,Not applicable,Database Administrator,0.874,Database Administrator|Data Scientist|AI Engineer,5,3,3,3,3,1,1,0,4,4,3,1,0,1,4,4,1,1,5,5,2,5,2,1,2,1,4,1,2,2,5,2,4,2,2,3,1,5,1,2,3,{}
U0191,31+,Bachelor's,Software Engineering,Graduate Year 2+,Database Administrator,0.788,Database Administrator|Network Engineer|Frontend Developer,3,3,1,4,3,3,0,4,0,2,1,2,4,2,4,4,0,4,4,1,1,1,1,4,1,1,3,3,3,2,1,4,4,3,4,2,2,3,4,4,5,{}
U0192,24-26,Master's,Software Engineering,Sophomore,Software Engineer,0.646,Software Engineer|Frontend Developer|UI/UX Designer,2,2,3,1,1,5,4,4,1,4,0,3,3,0,1,1,5,4,2,1,4,1,2,4,1,5,1,3,1,5,1,5,1,4,2,2,4,2,4,4,2,{}
U0193,27-30,Professional Certification,Information Technology,Senior,Network Engineer,0.937,Network Engineer|Data Analyst|Backend Developer,5,2,2,4,4,3,3,2,2,1,5,1,3,3,4,3,5,1,5,3,1,5,2,1,2,4,4,2,4,1,4,2,3,1,4,4,2,3,3,3,5,{}
U0194,18-20,Associate's,Information Technology,Not applicable,Backend Developer,0.51,Backend Developer|Data Scientist|Database Administrator,2,1,3,1,2,2,2,1,4,2,3,2,3,0,2,1,2,0,3,0,2,2,1,1,1,2,2,3,3,1,2,1,1,2,3,3,2,4,3,2,4,{}
U0195,24-26,Associate's,Physics,Not applicable,Cloud Engineer,0.905,Cloud Engineer|Network Engineer|Software Engineer,4,2,3,3,2,1,4,0,2,2,1,0,2,4,3,0,5,2,4,2,2,2,3,3,4,4,1,2,1,3,2,4,2,3,2,4,2,5,3,1,4,{}
U0196,21-23,PhD,Data Science,Graduate Year 1,Cybersecurity Analyst,0.958,Cybersecurity Analyst|Database Administrator|Backend Developer,1,4,4,5,5,3,3,2,3,4,5,3,4,5,4,4,0,5,0,2,2,1,2,4,5,1,4,2,3,1,2,3,1,1,2,1,1,2,4,3,5,{}
U0197,31+,PhD,Computer Science,Graduate,Frontend Developer,0.904,Frontend Developer|UI/UX Designer|Cybersecurity Analyst,1,4,2,2,2,5,1,5,3,3,0,5,3,3,1,1,5,4,3,1,3,1,1,4,4,4,1,4,2,2,1,3,2,3,3,3,4,2,5,1,5,{}
U0198,24-26,Bachelor's,Data Science,Sophomore,Cybersecurity Analyst,0.795,Cybersecurity Analyst|Machine Learning Engineer|Software Engineer,3,3,5,5,2,1,4,2,3,5,0,2,0,3,4,1,0,4,2,2,3,1,2,3,3,1,1,2,2,4,1,4,3,3,3,3,1,3,5,2,1,{}
U0199,18-20,Bachelor's,Data Science,Graduate,UI/UX Designer,0.78,UI/UX Designer|Frontend Developer|Cybersecurity Analyst,1,1,2,3,1,4,1,2,1,1,0,4,5,2,3,2,3,3,0,2,2,2,2,2,3,3,1,5,3,3,3,2,1,4,4,1,3,2,2,2,2,{}
U0200,21-23,Bachelor's,Information Systems,Graduate Year 1,UI/UX Designer,0.933,UI/UX Designer|Software Engineer|Network Engineer,2,1,4,3,3,3,4,4,4,5,3,4,3,4,3,2,3,5,0,2,4,2,3,4,5,4,2,3,3,5,1,4,1,2,4,2,5,3,2,5,1,{}
U0201,21-23,Bachelor's,Mathematics,Not applicable,Cybersecurity Analyst,0.762,Cybersecurity Analyst|Network Engineer|Database Administrator,4,1,5,4,2,2,3,2,3,3,2,1,3,4,4,3,3,3,1,3,3,2,2,2,3,2,1,3,4,4,2,2,2,4,4,3,2,2,3,2,2,{}
U0202,21-23,Bachelor's,Other,Sophomore,Software Engineer,0.86,Software Engineer|Database Administrator|Backend Developer,3,1,5,4,5,3,4,3,5,5,4,3,3,4,3,3,2,3,0,0,5,2,2,3,3,1,3,3,3,5,2,2,1,4,4,2,5,2,2,3,2,{}
U0203,18-20,Professional Certification,Mathematics,Sophomore,AI Engineer,1.0,AI Engineer|Machine Learning Engineer|Data Scientist,5,5,5,1,2,4,5,4,4,3,0,5,5,2,1,0,2,2,4,5,4,2,4,1,3,2,1,4,5,3,2,1,5,3,5,5,3,5,5,3,4,{}
U0204,18-20,Master's,Computer Science,Graduate Year 2+,Backend Developer,0.799,Backend Developer|Cybersecurity Analyst|Database Administrator,1,2,3,3,3,1,4,1,3,3,4,0,0,4,1,4,1,5,2,1,2,1,1,5,5,2,5,1,3,1,1,5,3,1,2,1,1,2,4,5,5,{}
U0205,27-30,Master's,Other,Not applicable,UI/UX Designer,1.0,UI/UX Designer|Frontend Developer|Machine Learning Engineer,3,1,2,1,3,5,3,5,0,2,1,3,4,2,0,2,3,5,2,3,2,3,2,5,3,4,3,5,2,3,4,4,1,4,1,2,3,2,2,3,2,{}
U0206,21-23,Master's,Information Systems,Junior,Database Administrator,1.0,Database Administrator|Data Scientist|Data Analyst,5,2,3,2,4,1,2,0,2,3,2,0,1,1,2,4,2,5,5,5,3,5,5,4,2,2,4,1,2,3,5,4,5,2,3,3,1,5,4,1,3,{}
U0207,18-20,Bachelor's,Computer Science,Sophomore,Data Scientist,0.434,Data Scientist|AI Engineer|Machine Learning Engineer,3,1,2,2,1,1,2,0,1,1,0,0,0,1,0,0,0,1,1,2,1,1,2,1,1,1,1,1,1,2,1,1,3,2,2,3,1,3,5,3,5,"{'Python': 2, 'Statistics': 4, 'Machine Learning': 2, 'Data Analysis': 3}"
U0208,24-26,Bachelor's,Mathematics,Freshman,Database Administrator,1.0,Database Administrator|Data Analyst|Backend Developer,1,5,4,3,5,3,4,3,3,2,5,3,4,1,4,5,0,1,2,2,4,3,2,2,1,1,5,2,5,3,3,2,3,2,4,4,3,1,2,2,2,{}
U0209,27-30,Bachelor's,Computer Science,Junior,Frontend Developer,0.973,Frontend Developer|UI/UX Designer|Database Administrator,1,5,4,3,4,5,3,3,5,4,2,5,5,4,3,5,0,1,3,3,5,2,2,2,4,1,5,3,4,5,1,2,3,3,5,2,3,4,2,4,1,{}
U0210,21-23,Bachelor's,Physics,Junior,Frontend Developer,0.926,Frontend Developer|Software Engineer|Backend Developer,2,3,5,4,4,4,5,5,5,5,3,2,4,3,4,3,2,2,2,1,4,3,3,2,2,3,3,3,5,5,2,1,1,3,4,3,3,4,3,2,1,{}
U0211,27-30,Associate's,Information Systems,Freshman,Cybersecurity Analyst,0.81,Cybersecurity Analyst|Frontend Developer|UI/UX Designer,2,5,3,2,1,4,1,2,4,2,0,5,5,2,2,0,4,5,3,3,1,2,2,5,2,3,1,3,4,1,2,5,5,4,5,3,2,4,5,4,5,{}
U0212,21-23,Associate's,Mathematics,Not applicable,Database Administrator,0.661,Database Administrator|Frontend Developer|UI/UX Designer,1,3,1,1,3,4,2,2,0,1,4,5,5,0,2,4,2,2,0,1,1,2,1,2,1,2,3,3,1,1,2,2,2,2,1,1,1,1,5,3,5,{}
U0213,24-26,Associate's,Data Science,Senior,UI/UX Designer,0.485,UI/UX Designer|Frontend Developer|Backend Developer,2,1,2,2,5,3,0,3,0,2,3,3,2,1,1,3,3,3,1,3,2,1,2,4,1,3,4,4,1,1,1,3,1,4,2,1,2,2,5,5,5,{}
U0214,24-26,Bachelor's,Information Systems,Junior,Database Administrator,0.759,Database Administrator|Data Analyst|Data Scientist,3,4,1,1,5,2,0,3,0,0,3,0,0,1,0,5,3,1,5,3,1,3,1,2,1,3,4,1,4,1,3,3,3,1,3,4,1,3,5,1,4,{}
U0215,27-30,High School,Computer Science,Junior,UI/UX Designer,0.969,UI/UX Designer|Frontend Developer|Software Engineer,2,3,4,3,4,5,4,5,2,4,2,5,5,1,2,2,0,4,0,0,4,2,1,3,1,1,1,5,5,4,1,2,3,5,4,2,5,3,1,2,2,{}
U0216,24-26,Bachelor's,Other,Graduate Year 2+,Database Administrator,0.718,Database Administrator|Frontend Developer|Cybersecurity Analyst,3,4,2,3,3,4,2,4,0,3,2,2,5,3,3,2,3,2,3,2,1,1,1,2,4,2,3,4,3,1,1,3,4,3,2,3,2,4,5,4,4,{}
U0217,18-20,Professional Certification,Computer Engineering,Freshman,Backend Developer,0.991,Backend Developer|Database Administrator|Software Engineer,1,4,5,1,5,1,4,0,5,5,4,0,1,1,1,3,4,4,0,1,4,2,2,4,2,3,5,1,2,4,2,4,2,1,3,1,3,3,3,2,3,{}
U0218,18-20,High School,Mathematics,Graduate Year 1,Machine Learning Engineer,0.828,Machine Learning Engineer|AI Engineer|Data Scientist,4,3,4,1,4,2,5,0,2,2,2,1,1,0,1,4,2,3,3,4,3,3,5,4,1,2,2,2,4,2,3,3,4,1,4,4,3,3,2,4,5,{}
U0219,21-23,High School,Mathematics,Sophomore,Backend Developer,1.0,Backend Developer|Database Administrator|Data Analyst,2,4,4,1,5,3,5,4,3,3,4,1,1,2,0,5,5,4,4,1,5,3,3,4,2,4,5,1,2,4,3,5,2,1,2,4,2,3,5,3,3,{}
U0220,18-20,Master's,Information Technology,Senior,Software Engineer,0.858,Software Engineer|Data Scientist|Backend Developer,4,3,5,3,1,2,5,0,5,5,0,0,3,4,2,0,3,0,5,2,4,3,4,1,3,2,1,2,4,4,3,2,4,2,5,4,2,5,4,1,1,{}
U0221,24-26,Bachelor's,Physics,Graduate Year 1,Software Engineer,0.826,Software Engineer|Data Scientist|AI Engineer,5,3,4,1,1,1,4,1,3,4,1,1,0,0,0,1,1,1,3,2,4,3,2,1,1,2,2,1,1,5,2,1,3,1,1,3,3,4,4,1,2,{}
U0222,24-26,Bachelor's,Mathematics,Graduate,Database Administrator,0.987,Database Administrator|Backend Developer|Software Engineer,3,3,5,3,5,3,4,4,5,5,5,1,2,3,2,4,0,4,2,2,4,2,3,3,2,1,4,2,5,5,2,4,4,2,5,3,3,2,1,2,1,{}
U0223,24-26,Bachelor's,Information Technology,Graduate Year 1,Software Engineer,0.967,Software Engineer|Backend Developer|Machine Learning Engineer,2,5,5,4,2,3,5,4,5,5,2,3,4,4,3,2,3,4,2,4,4,4,4,3,5,3,3,5,4,4,4,2,5,5,4,4,5,2,2,4,1,{}
U0224,24-26,Professional Certification,Software Engineering,Not applicable,UI/UX Designer,0.878,UI/UX Designer|Software Engineer|AI Engineer,5,3,5,4,3,5,4,5,5,3,1,3,5,3,3,3,1,5,2,3,5,3,5,4,2,1,3,4,4,5,3,3,5,3,4,3,5,4,1,4,2,{}
U0225,24-26,Bachelor's,Computer Science,Junior,Cloud Engineer,0.954,Cloud Engineer|UI/UX Designer|Network Engineer,2,4,4,5,3,4,2,2,2,2,4,2,5,3,5,2,3,1,4,1,3,3,1,2,2,2,4,3,5,3,3,3,2,4,4,2,4,3,2,5,3,{}
U0226,24-26,Bachelor's,Computer Science,Not applicable,Software Engineer,0.93,Software Engineer|Database Administrator|Backend Developer,3,1,5,3,5,2,5,0,5,5,3,0,1,3,1,4,4,4,0,0,3,2,1,3,3,3,3,1,3,2,2,2,3,2,2,2,3,2,3,1,5,{}
U0227,24-26,Master's,Mathematics,Senior,Network Engineer,0.845,Network Engineer|Backend Developer|Database Administrator,4,1,3,5,5,1,4,1,4,4,3,0,2,4,4,4,3,2,3,2,3,2,3,2,4,3,4,1,4,2,1,3,3,1,3,4,1,3,2,3,4,{}
U0228,24-26,Bachelor's,Physics,Graduate,Backend Developer,1.0,Backend Developer|Database Administrator|Software Engineer,1,5,5,5,5,1,3,0,5,5,4,0,0,3,3,5,3,1,2,3,3,4,4,2,3,3,5,1,5,2,5,2,2,1,5,3,1,2,2,5,4,{}
U0229,31+,Bachelor's,Computer Science,Senior,Machine Learning Engineer,1.0,Machine Learning Engineer|AI Engineer|Software Engineer,5,4,5,2,1,4,4,5,5,3,1,4,3,0,1,2,5,1,3,5,5,3,5,1,1,4,1,4,3,5,2,2,5,5,4,3,5,3,3,2,1,{}
U0230,24-26,Bachelor's,Other,Sophomore,Software Engineer,0.974,Software Engineer|Backend Developer|Cloud Engineer,3,3,4,3,5,4,5,2,5,5,3,3,2,3,1,3,5,5,2,3,3,2,4,4,4,5,2,1,3,2,2,3,4,1,3,2,2,2,5,1,4,{}
U0231,18-20,Master's,Mathematics,Graduate Year 2+,Backend Developer,0.698,Backend Developer|Software Engineer|Cybersecurity Analyst,2,3,3,1,3,2,2,2,4,2,2,2,3,0,0,3,3,4,0,3,3,2,1,4,1,4,2,1,2,2,1,5,2,1,2,2,2,2,5,5,5,{}
U0232,18-20,Associate's,Data Science,Graduate Year 1,Machine Learning Engineer,0.537,Machine Learning Engineer|Data Scientist|Software Engineer,4,2,2,1,1,2,1,1,3,0,0,3,3,0,0,1,1,2,3,3,2,3,3,2,1,2,1,1,1,2,3,2,4,1,1,2,1,3,2,3,4,{}
U0233,24-26,PhD,Computer Science,Graduate Year 1,AI Engineer,0.887,AI Engineer|Machine Learning Engineer|Backend Developer,5,3,4,5,4,1,4,0,4,3,2,0,2,4,3,3,0,2,2,5,3,3,3,2,3,1,2,1,4,3,3,2,4,1,4,2,1,3,2,5,2,{}
U0234,Under 18,High School,Other,Sophomore,Machine Learning Engineer,0.937,Machine Learning Engineer|Software Engineer|Cloud Engineer,2,4,5,1,1,2,5,0,5,5,0,2,1,2,1,0,5,5,1,2,3,1,5,4,1,5,1,2,2,4,1,3,2,1,2,3,1,3,2,5,3,{}
U0235,24-26,Bachelor's,Software Engineering,Sophomore,AI Engineer,0.8,AI Engineer|Data Scientist|Software Engineer,5,2,5,1,1,1,3,0,3,5,1,0,1,1,0,0,4,1,4,2,3,2,3,1,1,5,1,1,3,3,3,2,5,1,3,5,2,5,1,1,2,{}
U0236,21-23,PhD,Mathematics,Senior,Cybersecurity Analyst,0.668,Cybersecurity Analyst|Machine Learning Engineer|Data Scientist,4,2,2,2,2,1,2,2,1,0,0,1,2,2,2,2,3,4,4,2,1,2,1,5,1,2,1,1,2,1,1,4,4,1,2,4,1,4,5,2,5,{}
U0237,18-20,Bachelor's,Electrical Engineering,Senior,Data Analyst,0.904,Data Analyst|UI/UX Designer|Frontend Developer,5,1,5,2,3,4,5,4,5,5,4,5,2,3,0,2,2,3,3,1,4,4,4,2,2,2,4,3,2,4,5,2,2,2,1,4,5,4,2,1,2,{}
U0238,21-23,Master's,Information Technology,Graduate Year 1,Cybersecurity Analyst,0.911,Cybersecurity Analyst|Software Engineer|Cloud Engineer,3,2,5,5,2,1,5,1,5,5,3,0,0,3,5,1,4,3,1,1,3,1,4,3,3,3,2,1,3,2,1,4,2,2,4,3,1,2,4,1,3,{}
U0239,31+,Bachelor's,Other,Senior,Machine Learning Engineer,0.997,Machine Learning Engineer|AI Engineer|Data Scientist,3,4,4,4,1,2,5,0,4,3,0,2,0,2,2,0,5,4,2,4,2,3,4,3,1,5,1,1,4,3,4,4,4,1,5,3,2,2,5,1,4,{}
U0240,21-23,Bachelor's,Other,Freshman,Database Administrator,0.794,Database Administrator|Backend Developer|Data Analyst,3,1,3,2,4,1,3,1,2,2,5,1,1,1,0,2,5,1,3,1,1,4,2,1,2,4,3,1,2,1,3,1,1,2,2,2,1,4,2,4,5,{}
U0241,Under 18,Bachelor's,Information Technology,Graduate Year 2+,Database Administrator,0.927,Database Administrator|Data Analyst|Machine Learning Engineer,3,5,3,3,5,2,2,0,2,1,4,2,0,3,1,3,4,5,3,3,1,4,2,5,4,4,4,2,4,1,4,5,5,2,4,5,1,3,2,2,5,{}
U0242,27-30,Bachelor's,Mathematics,Graduate Year 1,Network Engineer,0.946,Network Engineer|Cloud Engineer|Database Administrator,3,2,4,5,4,2,2,0,5,5,2,2,3,5,4,5,4,2,0,1,2,1,2,2,5,5,3,1,3,2,1,3,3,2,3,3,3,1,4,3,3,{}
U0243,18-20,Bachelor's,Information Technology,Graduate,Machine Learning Engineer,1.0,Machine Learning Engineer|Network Engineer|Backend Developer,3,4,5,4,4,2,5,1,5,5,2,1,3,5,3,4,3,0,2,4,3,4,5,1,5,4,4,1,5,2,4,2,5,1,5,2,2,3,1,1,5,{}
U0244,27-30,Master's,Electrical Engineering,Freshman,Cloud Engineer,0.676,Cloud Engineer|Network Engineer|AI Engineer,2,5,1,3,2,1,0,1,0,2,2,0,1,2,3,0,5,2,5,2,1,4,2,3,1,5,2,2,3,1,5,4,3,3,2,3,3,2,5,4,4,{}
U0245,31+,Associate's,Information Systems,Sophomore,Network Engineer,0.976,Network Engineer|Cybersecurity Analyst|Cloud Engineer,1,3,4,5,5,5,2,4,5,3,5,4,3,5,5,3,4,3,1,1,5,2,2,3,5,4,5,5,4,5,3,4,1,5,5,3,5,2,4,3,1,{}
U0246,21-23,Bachelor's,Information Systems,Senior,Network Engineer,0.662,Network Engineer|Software Engineer|Cybersecurity Analyst,2,2,4,5,1,4,2,5,5,2,2,2,2,5,4,1,0,2,0,0,5,1,2,1,5,1,2,2,4,4,2,2,3,3,4,2,5,1,1,1,2,{}
U0247,24-26,Associate's,Information Systems,Junior,Cybersecurity Analyst,1.0,Cybersecurity Analyst|Network Engineer|Cloud Engineer,1,4,2,5,2,4,0,3,1,0,2,2,2,5,5,1,2,5,3,3,2,3,1,5,4,1,1,1,4,2,3,4,2,2,4,3,3,1,4,5,3,{}
U0248,31+,Master's,Computer Science,Freshman,Network Engineer,0.934,Network Engineer|Cloud Engineer|Cybersecurity Analyst,3,2,1,5,2,1,0,1,1,1,0,1,1,5,5,3,4,2,2,2,1,2,2,3,4,3,1,1,2,1,3,3,3,1,1,1,2,2,1,5,4,{}
U0249,24-26,Master's,Other,Junior,Network Engineer,0.816,Network Engineer|Cloud Engineer|Cybersecurity Analyst,3,2,1,4,2,2,0,0,0,1,0,2,1,5,3,1,3,0,2,2,1,2,2,1,5,3,1,1,3,1,3,1,3,2,4,1,2,1,3,4,4,{}
U0250,24-26,Bachelor's,Information Systems,Not applicable,Cloud Engineer,0.732,Cloud Engineer|Database Administrator|Data Analyst,1,4,2,2,2,1,2,0,0,2,3,1,2,1,1,2,5,4,1,1,1,2,2,3,1,5,2,1,3,2,2,4,1,1,2,3,1,2,1,4,4,{}
U0251,27-30,PhD,Information Technology,Junior,Network Engineer,0.939,Network Engineer|Frontend Developer|UI/UX Designer,4,1,1,5,4,4,1,5,0,2,2,5,3,3,4,2,0,2,3,0,2,1,1,1,4,1,1,3,4,1,1,1,3,4,4,4,2,3,3,2,4,{}
U0252,21-23,Master's,Data Science,Not applicable,UI/UX Designer,0.869,UI/UX Designer|Database Administrator|Backend Developer,1,5,4,1,5,5,4,4,4,3,5,5,4,2,2,5,1,1,1,2,5,4,3,1,3,2,5,4,4,5,4,2,4,4,5,1,5,1,1,3,2,{}
U0253,24-26,High School,Information Technology,Sophomore,Database Administrator,1.0,Database Administrator|Data Scientist|Backend Developer,5,1,4,1,5,1,2,0,3,4,3,2,1,1,1,5,2,2,4,2,3,4,1,2,2,3,5,1,2,2,5,1,4,1,1,3,2,5,4,5,4,{}
U0254,24-26,Master's,Information Technology,Graduate,Network Engineer,0.723,Network Engineer|Database Administrator|Data Analyst,5,3,1,4,3,1,0,1,1,0,4,1,2,4,4,1,0,0,3,5,1,4,2,1,4,1,2,1,4,2,3,1,3,2,4,4,2,4,5,5,3,{}
U0255,21-23,Master's,Software Engineering,Graduate,Data Scientist,0.781,Data Scientist|AI Engineer|Data Analyst,5,5,3,1,1,3,1,3,1,2,2,1,2,0,2,2,1,0,5,4,2,5,1,1,1,1,1,2,3,3,4,1,5,2,3,5,3,4,5,3,3,"{'Python': 3, 'Statistics': 4, 'Machine Learning': 0, 'Data Analysis': 0}"
U0256,18-20,Bachelor's,Mathematics,Not applicable,Cybersecurity Analyst,0.676,Cybersecurity Analyst|Network Engineer|Cloud Engineer,4,4,2,2,2,1,1,1,0,3,3,0,2,3,3,0,2,3,4,2,1,2,2,3,3,3,2,1,1,2,1,3,5,1,1,3,1,4,5,3,5,{}
U0257,27-30,Bachelor's,Computer Engineering,Not applicable,Cybersecurity Analyst,1.0,Cybersecurity Analyst|Network Engineer|UI/UX Designer,4,2,4,5,3,4,3,3,2,2,3,3,5,5,4,1,0,3,4,4,2,5,4,4,4,1,2,5,5,1,5,3,3,5,4,2,3,4,2,3,5,{}
U0258,21-23,Master's,Information Systems,Junior,Machine Learning Engineer,0.998,Machine Learning Engineer|Frontend Developer|AI Engineer,5,2,5,1,3,5,5,4,5,4,2,5,3,0,0,4,2,4,5,5,3,4,5,5,1,3,3,5,3,2,5,5,4,5,2,5,3,5,5,2,3,{}
U0259,21-23,High School,Electrical Engineering,Graduate,Cloud Engineer,0.804,Cloud Engineer|Data Scientist|AI Engineer,4,5,3,3,1,2,3,2,1,2,0,1,2,2,4,2,3,4,3,3,1,1,3,4,3,3,1,1,4,1,1,4,5,2,3,4,1,4,5,1,5,{}
U0260,27-30,Bachelor's,Data Science,Graduate Year 2+,Frontend Developer,0.768,Frontend Developer|UI/UX Designer|Cybersecurity Analyst,3,2,3,3,1,5,2,5,3,2,1,5,5,4,4,1,0,2,1,3,3,2,2,3,3,1,1,5,4,4,1,3,3,5,4,3,3,2,3,2,3,{}
U0261,27-30,Bachelor's,Software Engineering,Not applicable,Database Administrator,0.692,Database Administrator|Data Analyst|Backend Developer,4,1,3,1,4,4,1,3,2,3,4,2,2,1,0,4,3,4,3,1,1,3,2,4,1,2,3,2,2,2,4,3,1,1,2,3,1,3,2,5,3,{}
U0262,18-20,Master's,Information Systems,Senior,Data Scientist,0.86,Data Scientist|Frontend Developer|Software Engineer,1,5,5,5,1,4,4,2,3,5,0,5,5,5,4,1,1,1,2,4,5,1,3,1,5,1,1,4,4,5,2,2,2,3,4,2,4,3,3,4,2,"{'Python': 0, 'Statistics': 4, 'Machine Learning': 0, 'Data Analysis': 2}"
U0263,27-30,Master's,Computer Science,Not applicable,Machine Learning Engineer,0.92,Machine Learning Engineer|Data Scientist|AI Engineer,3,4,4,2,1,4,4,3,2,4,0,4,3,0,1,0,4,2,3,5,2,3,3,1,1,3,1,2,2,3,3,1,5,3,3,2,3,2,3,5,3,{}
U0264,31+,Associate's,Information Technology,Senior,Software Engineer,0.875,Software Engineer|Machine Learning Engineer|Frontend Developer,5,4,4,1,5,4,3,4,4,3,3,4,4,2,2,3,2,5,3,4,3,4,3,5,3,3,2,3,3,3,5,4,5,3,4,3,2,5,4,2,2,{}
U0265,31+,Bachelor's,Mathematics,Graduate Year 2+,Machine Learning Engineer,0.828,Machine Learning Engineer|Data Analyst|Backend Developer,3,3,5,1,2,1,5,2,3,5,3,0,1,1,0,0,5,4,3,1,4,3,2,3,1,4,1,1,3,4,4,4,3,1,3,2,1,5,5,1,2,{}
U0266,31+,Master's,Computer Engineering,Not applicable,AI Engineer,0.943,AI Engineer|Network Engineer|UI/UX Designer,3,4,5,5,4,4,3,5,3,3,2,2,5,3,5,2,5,2,4,5,4,3,3,3,2,5,3,4,5,4,3,2,4,3,4,3,4,5,2,1,2,{}
U0267,27-30,Bachelor's,Mathematics,Graduate Year 2+,Network Engineer,1.0,Network Engineer|Data Analyst|Database Administrator,5,1,3,5,5,5,3,3,2,2,5,3,5,5,3,5,5,4,4,4,1,4,4,3,5,5,5,5,5,1,3,4,4,5,4,4,3,3,3,3,5,{}
U0268,24-26,Master's,Data Science,Graduate Year 1,Backend Developer,1.0,Backend Developer|Data Scientist|Machine Learning Engineer,3,5,5,1,4,5,5,4,5,5,2,5,5,2,0,5,2,2,3,5,4,4,5,1,3,3,5,5,3,5,5,1,4,5,2,3,5,3,4,3,1,{}
U0269,Under 18,Professional Certification,Information Systems,Junior,Software Engineer,0.87,Software Engineer|Backend Developer|Cloud Engineer,4,1,5,5,2,1,5,2,5,3,3,0,0,5,5,2,0,0,1,1,3,3,4,1,4,1,2,1,4,2,2,1,1,2,4,1,1,4,2,4,5,{}
U0270,24-26,Master's,Physics,Graduate Year 1,Frontend Developer,0.761,Frontend Developer|Machine Learning Engineer|Software Engineer,1,5,4,1,1,5,4,3,4,3,0,3,5,2,0,2,1,5,1,3,4,1,3,4,2,1,1,3,2,4,1,3,3,2,2,2,5,3,5,4,2,{}
U0271,21-23,Bachelor's,Physics,Graduate Year 1,Network Engineer,1.0,Network Engineer|Cybersecurity Analyst|Software Engineer,2,3,4,5,1,1,4,2,3,5,1,0,0,4,5,2,2,3,2,2,3,1,3,2,5,1,2,1,2,2,1,1,1,1,1,3,2,3,4,2,3,{}
U0272,31+,Associate's,Information Technology,Senior,UI/UX Designer,1.0,UI/UX Designer|Frontend Developer|Database Administrator,3,4,4,1,4,5,2,5,2,2,2,5,4,0,1,5,5,2,3,2,2,2,1,3,1,5,5,5,5,2,3,2,5,5,5,4,4,2,3,5,5,{}
U0273,27-30,Master's,Software Engineering,Not applicable,Data Analyst,0.934,Data Analyst|Database Administrator|Software Engineer,5,3,5,4,5,4,3,2,5,3,3,4,2,2,3,3,2,1,5,2,3,3,3,2,3,3,4,4,3,3,2,2,4,3,2,5,5,5,1,5,3,{}
U0274,27-30,Bachelor's,Computer Engineering,Senior,UI/UX Designer,0.934,UI/UX Designer|Frontend Developer|Cybersecurity Analyst,2,2,1,3,2,5,0,5,1,0,2,5,5,2,1,0,1,3,0,1,1,2,1,3,2,1,1,5,2,1,2,2,3,5,1,2,2,1,4,4,4,{}
U0275,27-30,Bachelor's,Physics,Graduate,Network Engineer,0.872,Network Engineer|Cloud Engineer|Cybersecurity Analyst,3,3,2,5,1,4,2,2,1,1,0,4,2,5,5,0,4,3,2,1,1,1,2,4,5,4,1,3,3,1,1,5,2,2,4,3,2,1,3,3,5,{}
U0276,31+,Professional Certification,Mathematics,Junior,Frontend Developer,0.844,Frontend Developer|Cloud Engineer|AI Engineer,5,4,2,5,1,3,2,2,1,3,1,4,4,3,5,1,3,3,5,4,1,3,3,2,3,3,1,4,4,1,2,2,3,5,4,5,3,3,3,5,5,{}
U0277,27-30,High School,Other,Graduate,Data Scientist,1.0,Data Scientist|Machine Learning Engineer|Data Analyst,3,5,5,1,2,3,5,1,3,5,3,3,4,2,1,2,0,2,5,4,5,4,3,1,2,1,2,4,4,5,4,2,3,5,4,4,5,4,1,2,1,"{'Python': 0, 'Statistics': 4, 'Machine Learning': 0, 'Data Analysis': 0}"
U0278,24-26,High School,Computer Engineering,Freshman,Machine Learning Engineer,0.848,Machine Learning Engineer|Software Engineer|Backend Developer,4,2,5,2,1,3,4,1,5,4,1,3,2,0,2,2,3,3,3,3,4,3,4,4,1,2,1,2,2,5,4,5,3,2,3,4,4,4,5,1,1,{}
U0279,21-23,Bachelor's,Mathematics,Junior,Database Administrator,1.0,Database Administrator|UI/UX Designer|Frontend Developer,4,2,4,2,5,5,4,4,4,2,5,5,5,0,3,4,4,3,3,2,5,2,4,3,1,3,5,4,5,4,1,4,3,5,5,4,3,4,2,3,1,{}
U0280,18-20,Bachelor's,Data Science,Graduate Year 2+,AI Engineer,1.0,AI Engineer|Cybersecurity Analyst|Software Engineer,5,5,5,2,2,4,5,2,3,5,1,4,4,3,3,1,5,5,4,5,4,3,5,5,2,5,1,4,5,4,3,4,4,4,5,4,5,5,1,5,2,{}
U0281,24-26,Bachelor's,Information Systems,Not applicable,Database Administrator,0.866,Database Administrator|Data Analyst|Cybersecurity Analyst,4,2,1,2,5,1,1,1,0,0,5,2,1,3,3,3,0,4,1,3,1,3,1,3,4,1,4,1,3,2,3,4,4,1,4,3,2,2,2,4,3,{}
U0282,27-30,Bachelor's,Information Systems,Graduate Year 2+,Frontend Developer,1.0,Frontend Developer|UI/UX Designer|Software Engineer,2,3,5,5,1,5,5,4,4,5,0,5,4,3,5,0,3,4,1,3,5,2,4,4,2,4,1,5,4,5,3,3,2,5,5,2,5,2,2,4,2,{}
U0283,27-30,Bachelor's,Physics,Not applicable,Frontend Developer,0.804,Frontend Developer|UI/UX Designer|Data Analyst,1,5,2,1,1,3,0,4,2,0,0,3,4,2,1,2,2,0,4,2,1,3,1,1,3,1,2,5,2,2,2,2,4,5,1,4,4,1,2,1,4,{}
U0284,21-23,Professional Certification,Other,Graduate Year 2+,Database Administrator,0.768,Database Administrator|Network Engineer|Cybersecurity Analyst,4,3,2,4,5,1,1,0,2,0,3,1,0,2,5,3,2,3,3,4,2,2,1,3,1,3,4,1,4,3,1,4,4,2,3,4,3,2,4,2,2,{}
U0285,24-26,Master's,Software Engineering,Sophomore,Backend Developer,0.862,Backend Developer|Software Engineer|Database Administrator,1,1,5,1,4,1,5,0,5,5,2,2,0,1,2,4,0,4,0,1,4,1,2,5,2,1,3,1,2,4,2,5,2,1,1,1,1,1,3,1,2,{}
U0286,24-26,Master's,Software Engineering,Not applicable,Machine Learning Engineer,0.707,Machine Learning Engineer|AI Engineer|Database Administrator,4,3,2,2,3,2,2,3,2,0,1,0,0,3,2,3,3,1,4,4,2,2,2,2,2,2,2,2,2,1,3,2,5,3,2,5,1,2,5,1,4,{}
U0287,21-23,Associate's,Information Systems,Graduate,Frontend Developer,0.986,Frontend Developer|Network Engineer|UI/UX Designer,1,2,1,4,3,5,0,5,0,0,3,5,5,5,4,1,5,2,0,2,1,3,1,1,5,4,1,5,3,2,4,1,3,5,4,2,4,1,5,4,5,{}
U0288,24-26,Bachelor's,Other,Sophomore,Database Administrator,0.978,Database Administrator|UI/UX Designer|Frontend Developer,1,5,1,3,4,5,2,5,0,0,5,5,5,1,1,5,0,4,3,4,3,3,4,3,1,1,5,4,3,2,3,2,2,3,4,4,3,2,5,4,3,{}
U0289,21-23,Master's,Computer Engineering,Sophomore,Database Administrator,0.984,Database Administrator|Cybersecurity Analyst|Data Analyst,5,3,2,4,5,2,3,3,1,0,4,3,0,5,3,4,2,3,3,2,1,2,1,4,5,2,5,3,3,1,1,5,5,3,3,5,2,3,4,5,5,{}
U0290,21-23,Professional Certification,Mathematics,Senior,Cloud Engineer,0.92,Cloud Engineer|Database Administrator|Network Engineer,3,1,1,5,5,1,0,0,1,0,3,0,1,5,5,5,5,3,2,1,1,1,1,3,4,5,4,1,3,1,2,3,3,1,4,3,1,2,2,2,5,{}
U0291,27-30,Bachelor's,Data Science,Graduate Year 2+,Data Analyst,0.808,Data Analyst|Database Administrator|Frontend Developer,5,1,1,1,4,4,0,4,0,0,5,4,2,2,2,2,0,4,4,3,2,4,2,5,1,1,4,3,3,2,3,4,4,2,4,4,3,2,5,3,4,{}
U0292,21-23,Professional Certification,Data Science,Graduate Year 1,UI/UX Designer,0.909,UI/UX Designer|Cybersecurity Analyst|Frontend Developer,3,2,5,4,2,5,5,4,5,3,2,5,5,3,5,2,0,4,0,2,4,2,4,5,3,1,3,4,4,4,1,4,1,5,5,2,5,3,5,2,1,{}
U0293,24-26,Professional Certification,Physics,Not applicable,AI Engineer,1.0,AI Engineer|Machine Learning Engineer|Data Scientist,5,5,5,1,2,2,5,3,4,4,0,1,1,0,0,3,2,3,5,5,5,2,4,4,1,3,1,2,4,4,1,5,5,2,5,4,5,5,5,4,3,{}
U0294,31+,Bachelor's,Data Science,Senior,Software Engineer,0.518,Software Engineer|Machine Learning Engineer|Backend Developer,1,4,3,1,1,1,3,1,2,4,1,0,2,0,0,2,3,2,0,2,2,2,1,2,1,4,3,2,3,1,1,3,2,2,3,1,1,2,4,2,5,{}
U0295,21-23,Master's,Other,Graduate,UI/UX Designer,0.972,UI/UX Designer|Software Engineer|Frontend Developer,3,5,5,2,4,5,3,5,3,5,3,5,4,1,3,3,4,5,5,3,3,5,3,4,2,4,2,5,4,3,5,3,3,4,4,5,4,4,2,3,4,{}
U0296,24-26,Associate's,Computer Science,Graduate,Network Engineer,0.831,Network Engineer|AI Engineer|Data Scientist,4,5,1,5,1,1,2,2,0,0,1,1,1,3,5,2,0,3,4,5,1,2,4,2,2,1,1,2,4,2,2,2,3,1,5,3,1,2,4,3,4,{}
U0297,27-30,Bachelor's,Information Technology,Sophomore,Data Analyst,0.815,Data Analyst|Software Engineer|Cloud Engineer,1,3,3,3,4,3,1,3,3,4,5,3,3,3,3,2,3,3,1,3,3,4,1,3,2,2,3,4,4,3,5,3,3,3,4,1,5,3,1,4,2,{}
U0298,21-23,Master's,Other,Graduate Year 2+,Database Administrator,0.965,Database Administrator|Data Scientist|Data Analyst,2,5,3,3,5,2,2,2,1,1,5,3,3,3,1,3,4,2,5,5,3,5,5,1,4,4,5,3,3,2,5,1,3,4,4,5,4,3,5,5,3,{}
U0299,21-23,Professional Certification,Software Engineering,Graduate Year 2+,Database Administrator,0.552,Database Administrator|AI Engineer|Cloud Engineer,1,2,1,2,3,2,0,0,0,0,4,1,1,0,0,3,4,5,1,3,1,2,3,5,1,4,5,1,2,1,3,5,2,1,3,1,2,2,2,5,5,{}
U0300,21-23,Master's,Electrical Engineering,Graduate Year 2+,Network Engineer,0.957,Network Engineer|Cloud Engineer|Software Engineer,1,5,3,5,4,2,4,1,4,4,4,1,3,5,3,2,3,0,1,1,3,1,2,1,5,4,4,3,2,3,2,1,4,4,2,1,2,2,2,4,4,{}
U0301,27-30,High School,Software Engineering,Graduate Year 2+,AI Engineer,0.941,AI Engineer|UI/UX Designer|Data Scientist,4,4,4,5,3,5,2,3,3,5,4,4,3,5,3,4,2,2,5,5,3,4,3,1,5,2,3,4,5,4,5,1,4,5,5,4,4,4,2,2,3,{}
U0302,31+,Master's,Other,Graduate,Cybersecurity Analyst,1.0,Cybersecurity Analyst|Database Administrator|Data Analyst,4,3,4,5,4,5,5,5,5,2,5,3,3,4,5,5,5,5,2,5,4,5,4,5,3,5,4,3,5,3,5,5,3,2,4,4,4,2,1,4,2,{}
U0303,24-26,Bachelor's,Other,Freshman,Database Administrator,0.915,Database Administrator|Backend Developer|Network Engineer,4,2,5,4,3,4,5,2,3,3,3,4,2,4,3,3,3,5,1,2,2,1,4,4,4,3,4,3,3,2,2,4,4,2,4,1,2,4,1,4,5,{}
U0304,31+,Master's,Data Science,Senior,Database Administrator,0.923,Database Administrator|Backend Developer|Software Engineer,5,1,4,4,4,4,3,5,2,3,3,2,2,4,4,5,1,0,4,2,2,3,3,1,4,1,4,2,4,2,3,2,3,1,4,4,3,5,4,3,4,{}
U0305,21-23,Bachelor's,Computer Engineering,Sophomore,Database Administrator,0.993,Database Administrator|Backend Developer|UI/UX Designer,5,1,4,3,5,4,5,2,5,2,3,5,4,3,1,5,2,2,3,2,4,2,3,3,4,3,5,3,5,3,2,4,3,2,5,4,4,3,3,1,3,{}
U0306,27-30,Bachelor's,Mathematics,Junior,Cybersecurity Analyst,0.49,Cybersecurity Analyst|Cloud Engineer|AI Engineer,1,3,3,2,1,2,2,0,1,2,0,0,1,1,3,1,3,3,1,1,2,1,1,4,1,4,1,1,3,3,1,4,2,1,3,1,3,3,2,4,2,{}
U0307,18-20,High School,Software Engineering,Graduate,Network Engineer,0.829,Network Engineer|Cybersecurity Analyst|Database Administrator,1,4,2,5,5,1,1,0,1,1,5,1,2,5,5,4,3,5,0,3,2,2,2,5,5,3,3,2,3,3,3,5,1,2,4,1,1,2,2,3,3,{}
U0308,18-20,Professional Certification,Computer Science,Graduate Year 2+,Data Scientist,0.619,Data Scientist|Backend Developer|Cloud Engineer,2,2,4,3,3,2,3,3,3,5,4,2,0,2,2,1,3,0,2,3,5,2,3,1,2,2,1,3,2,5,3,2,3,3,1,3,3,2,3,2,1,"{'Python': 1, 'Statistics': 4, 'Machine Learning': 1, 'Data Analysis': 2}"
U0309,24-26,PhD,Computer Science,Graduate,UI/UX Designer,0.868,UI/UX Designer|Frontend Developer|Cloud Engineer,3,2,1,3,2,4,0,5,1,0,2,5,5,1,2,0,5,3,3,0,2,1,1,2,1,5,1,4,1,1,1,3,1,4,2,2,4,1,2,5,4,{}
U0310,24-26,Professional Certification,Physics,Not applicable,Data Analyst,0.921,Data Analyst|Database Administrator|Cloud Engineer,4,5,1,5,5,1,0,1,0,1,5,0,1,3,4,4,4,4,4,2,1,5,2,5,3,5,5,1,3,1,4,5,5,2,4,3,1,4,1,1,5,{}
U0311,21-23,Professional Certification,Software Engineering,Sophomore,AI Engineer,1.0,AI Engineer|Machine Learning Engineer|Software Engineer,5,4,4,2,1,2,5,2,5,5,1,0,1,0,2,2,3,2,2,5,5,4,5,2,1,3,2,1,2,5,5,3,4,2,2,3,3,5,4,4,1,{}
U0312,18-20,Master's,Electrical Engineering,Freshman,Network Engineer,0.647,Network Engineer|Cybersecurity Analyst|Cloud Engineer,1,3,2,5,2,4,3,3,3,1,2,2,2,5,3,3,2,1,0,1,1,1,1,1,5,1,3,1,4,1,2,1,1,1,3,1,1,2,5,1,5,{}
U0313,21-23,Bachelor's,Computer Engineering,Graduate,Database Administrator,0.829,Database Administrator|Machine Learning Engineer|Software Engineer,5,1,5,4,4,2,3,3,3,5,3,3,2,3,4,3,2,5,2,4,3,3,5,4,2,3,4,2,4,2,2,3,3,1,4,2,2,4,2,4,5,{}
U0314,27-30,Master's,Physics,Freshman,Database Administrator,0.874,Database Administrator|Data Analyst|Backend Developer,1,4,1,2,5,1,1,2,0,0,5,0,1,1,2,4,3,1,0,0,1,1,1,1,1,2,5,1,3,1,1,2,2,2,2,1,1,1,5,4,4,{}
U0315,18-20,PhD,Software Engineering,Graduate Year 1,UI/UX Designer,0.651,UI/UX Designer|Cybersecurity Analyst|Machine Learning Engineer,3,2,3,3,3,4,4,4,1,2,1,2,3,1,1,2,2,4,2,1,3,1,3,5,1,3,3,2,2,4,1,4,2,1,3,2,1,2,5,5,2,{}
U0316,27-30,Bachelor's,Computer Science,Senior,Backend Developer,0.978,Backend Developer|Software Engineer|Data Scientist,3,2,5,1,5,1,4,0,5,4,3,1,2,0,0,5,2,5,2,1,4,1,2,5,1,1,3,1,3,4,2,5,1,1,3,3,1,2,5,5,3,{}
U0317,18-20,Bachelor's,Computer Science,Not applicable,Database Administrator,0.855,Database Administrator|Frontend Developer|UI/UX Designer,2,1,3,1,5,5,3,4,2,2,5,3,5,1,1,3,4,5,3,3,2,4,4,5,2,5,3,4,3,2,4,5,3,5,4,1,3,3,2,2,3,{}
U0318,27-30,Bachelor's,Other,Not applicable,Machine Learning Engineer,0.871,Machine Learning Engineer|Data Scientist|AI Engineer,2,5,5,1,2,3,5,2,5,5,1,4,2,1,1,0,3,4,2,4,3,3,4,3,1,4,1,4,2,3,3,2,4,3,2,2,3,3,5,1,3,{}
U0319,27-30,Bachelor's,Information Systems,Sophomore,Cloud Engineer,0.77,Cloud Engineer|Machine Learning Engineer|Backend Developer,3,5,4,4,5,4,4,2,3,2,3,5,3,2,4,5,4,5,2,2,4,1,2,4,1,3,4,2,3,5,2,5,4,1,3,3,4,2,2,4,1,{}
U0320,24-26,Professional Certification,Computer Science,Senior,UI/UX Designer,0.717,UI/UX Designer|Frontend Developer|Data Scientist,4,4,4,1,1,5,2,3,2,2,0,3,4,2,2,0,1,4,5,3,1,2,1,5,2,2,1,4,2,1,1,5,5,4,1,4,3,5,5,1,5,{}
U0321,18-20,Bachelor's,Computer Engineering,Graduate,Data Scientist,0.934,Data Scientist|AI Engineer|Cloud Engineer,3,4,4,1,5,4,2,4,5,2,3,4,2,2,1,5,5,3,2,5,2,4,4,2,2,4,4,2,5,1,4,1,3,2,4,3,1,4,5,1,5,"{'Python': 2, 'Statistics': 4, 'Machine Learning': 0, 'Data Analysis': 2}"
U0322,21-23,Professional Certification,Mathematics,Sophomore,Database Administrator,0.967,Database Administrator|Cloud Engineer|Data Analyst,4,3,1,5,5,3,2,1,1,0,5,2,1,3,5,5,4,3,5,4,1,5,3,4,4,5,4,2,3,2,5,3,4,1,2,4,2,2,3,1,4,{}
U0323,31+,Master's,Physics,Graduate Year 1,Data Scientist,0.962,Data Scientist|AI Engineer|Backend Developer,3,4,4,3,4,1,2,0,5,4,2,1,1,2,4,4,5,4,3,5,3,2,5,4,2,4,4,1,4,2,3,5,5,1,4,2,1,4,2,2,3,"{'Python': 2, 'Statistics': 4, 'Machine Learning': 0, 'Data Analysis': 1}"
U0324,31+,Associate's,Other,Not applicable,Cloud Engineer,0.746,Cloud Engineer|Cybersecurity Analyst|Frontend Developer,4,2,1,4,3,4,1,5,0,0,1,2,3,5,3,1,3,2,3,3,1,2,1,3,4,3,1,3,4,1,2,3,4,4,3,2,3,4,2,5,4,{}
U0325,21-23,PhD,Computer Engineering,Not applicable,Cloud Engineer,0.703,Cloud Engineer|Machine Learning Engineer|Data Scientist,1,5,5,3,1,2,5,0,4,3,0,3,1,2,1,0,5,0,3,1,2,2,4,1,2,5,1,1,3,2,3,2,2,2,4,2,2,3,3,4,3,{}
U0326,27-30,High School,Other,Freshman,Database Administrator,0.764,Database Administrator|Data Scientist|Data Analyst,5,2,2,1,4,2,1,0,0,2,3,0,0,2,1,5,4,0,5,2,2,3,1,1,1,4,5,1,3,2,4,2,4,1,4,3,1,5,3,4,3,{}
U0327,27-30,Bachelor's,Information Technology,Freshman,Cybersecurity Analyst,0.826,Cybersecurity Analyst|Cloud Engineer|Network Engineer,2,1,5,5,3,1,3,0,3,3,4,0,0,5,3,1,3,5,3,0,3,3,2,5,4,2,3,1,4,3,3,4,2,1,3,3,1,3,3,2,2,{}
U0328,21-23,Bachelor's,Software Engineering,Graduate Year 2+,Frontend Developer,0.77,Frontend Developer|Database Administrator|Cloud Engineer,3,3,1,5,5,5,1,5,1,2,4,3,3,4,3,5,2,2,3,2,1,3,1,3,5,2,3,3,3,1,3,2,3,2,3,4,1,1,3,4,5,{}
U0329,27-30,Bachelor's,Physics,Sophomore,Cloud Engineer,1.0,Cloud Engineer|Network Engineer|Software Engineer,5,2,4,5,3,1,4,1,5,5,3,0,1,4,5,3,5,1,4,2,3,4,3,2,5,4,3,2,3,3,3,3,3,3,2,4,3,3,2,3,4,{}
U0330,24-26,High School,Mathematics,Graduate,Database Administrator,0.819,Database Administrator|Backend Developer|Data Scientist,1,2,4,2,4,1,2,2,4,5,3,1,0,0,0,5,2,4,1,2,3,3,2,5,1,2,4,1,2,4,2,5,2,2,3,1,3,1,5,2,2,{}
U0331,21-23,Master's,Physics,Graduate,Software Engineer,0.944,Software Engineer|Data Scientist|AI Engineer,4,4,3,2,2,1,4,2,3,4,3,0,0,3,2,2,4,2,2,3,4,4,4,2,2,4,2,1,3,3,5,1,3,1,4,2,1,2,3,1,3,{}
U0332,21-23,Professional Certification,Computer Engineering,Graduate,Network Engineer,0.861,Network Engineer|Cybersecurity Analyst|Cloud Engineer,3,3,2,5,1,2,1,2,1,3,0,0,1,5,5,0,0,3,4,4,2,3,2,3,4,1,1,1,2,2,2,4,3,2,3,3,3,2,4,3,5,{}
U0333,31+,Professional Certification,Information Technology,Junior,UI/UX Designer,0.856,UI/UX Designer|Network Engineer|AI Engineer,4,3,2,5,5,4,2,5,2,1,3,5,5,5,4,4,3,1,4,4,3,4,3,2,4,3,3,4,3,4,5,3,4,3,3,5,4,3,4,1,1,{}
U0334,21-23,Bachelor's,Information Systems,Junior,Cybersecurity Analyst,0.951,Cybersecurity Analyst|Cloud Engineer|Network Engineer,4,2,2,5,1,3,2,3,2,1,1,4,1,3,5,0,5,5,2,1,1,1,2,5,2,5,1,4,2,2,1,5,2,3,1,3,2,3,2,4,5,{}
U0335,21-23,Master's,Information Systems,Freshman,UI/UX Designer,0.82,UI/UX Designer|Network Engineer|Frontend Developer,5,3,1,4,3,5,0,5,1,2,2,5,3,5,2,1,3,3,5,5,3,5,3,4,4,4,1,4,3,4,5,3,3,3,2,3,5,3,4,5,1,{}
U0336,18-20,Bachelor's,Data Science,Freshman,Frontend Developer,1.0,Frontend Developer|UI/UX Designer|Software Engineer,3,5,5,3,2,5,5,3,5,4,2,5,5,3,3,3,3,3,3,2,5,1,5,2,4,3,2,5,3,5,1,3,4,4,4,4,5,4,2,1,1,{}
U0337,31+,Bachelor's,Information Systems,Sophomore,Database Administrator,0.87,Database Administrator|Cybersecurity Analyst|Backend Developer,4,3,2,4,5,1,0,0,1,3,4,0,2,2,2,5,2,4,4,3,1,3,1,4,2,3,4,1,2,2,4,5,4,2,1,4,2,2,4,4,3,{}
U0338,24-26,High School,Other,Not applicable,Software Engineer,0.969,Software Engineer|Machine Learning Engineer|Data Analyst,4,5,5,1,1,2,5,3,4,5,2,1,3,2,0,2,3,3,4,2,4,2,5,4,2,2,3,2,2,4,1,3,3,2,2,3,4,3,4,5,3,{}
U0339,24-26,Bachelor's,Physics,Not applicable,Data Scientist,1.0,Data Scientist|Software Engineer|Backend Developer,2,5,5,5,3,3,5,2,4,3,4,1,3,5,4,2,0,2,4,4,3,3,5,2,5,1,3,1,4,4,4,2,3,2,5,5,2,3,3,5,3,"{'Python': 0, 'Statistics': 4, 'Machine Learning': 0, 'Data Analysis': 0}"
U0340,31+,Bachelor's,Electrical Engineering,Senior,Software Engineer,0.887,Software Engineer|Cybersecurity Analyst|Network Engineer,3,1,5,4,2,4,5,2,3,5,0,4,3,3,4,1,3,5,2,1,3,1,3,4,2,2,1,2,2,3,1,3,2,2,3,2,2,2,2,2,3,{}
U0341,21-23,Bachelor's,Other,Not applicable,Frontend Developer,0.806,Frontend Developer|Software Engineer|UI/UX Designer,2,2,4,3,1,5,4,4,3,4,1,5,3,2,1,0,4,3,1,2,3,1,2,2,1,4,1,3,2,2,1,2,3,3,1,2,4,3,4,1,5,{}
U0342,18-20,Bachelor's,Computer Engineering,Senior,AI Engineer,0.729,AI Engineer|Cybersecurity Analyst|Data Scientist,5,2,1,1,1,1,2,0,1,2,2,1,0,1,1,2,2,4,2,4,2,4,2,5,2,3,2,1,3,3,5,5,5,1,2,2,2,2,2,3,2,{}
U0343,24-26,Professional Certification,Computer Engineering,Graduate,Database Administrator,0.965,Database Administrator|Cybersecurity Analyst|Backend Developer,2,2,2,5,4,3,2,1,3,3,5,1,1,4,5,5,2,4,0,0,2,3,1,3,3,3,4,1,2,3,4,3,1,2,2,1,2,1,4,5,3,{}
U0344,Under 18,Master's,Computer Engineering,Freshman,Network Engineer,0.859,Network Engineer|Cybersecurity Analyst|AI Engineer,4,5,2,5,2,3,2,4,2,0,0,3,1,5,5,1,2,2,2,3,3,3,1,1,5,2,1,3,3,4,3,1,5,4,2,4,3,4,3,3,1,{}
U0345,24-26,Bachelor's,Information Technology,Not applicable,Database Administrator,0.992,Database Administrator|AI Engineer|Machine Learning Engineer,5,1,2,3,5,4,2,2,3,3,5,2,5,3,2,3,5,1,2,4,3,3,3,1,3,4,3,2,3,3,2,2,4,1,4,2,2,4,5,4,2,{}
U0346,24-26,Master's,Information Technology,Senior,Software Engineer,0.645,Software Engineer|Backend Developer|Machine Learning Engineer,3,2,3,1,2,2,4,0,3,3,3,1,2,1,0,1,0,3,3,0,3,2,1,4,1,1,2,1,1,3,2,5,3,1,1,3,2,3,1,1,4,{}
U0347,21-23,Bachelor's,Computer Science,Graduate,Backend Developer,0.781,Backend Developer|Software Engineer|Machine Learning Engineer,1,5,4,1,3,2,2,2,5,5,1,0,2,2,0,3,1,2,4,2,5,1,1,1,1,1,1,1,3,5,2,2,2,1,4,2,4,4,3,4,2,{}
U0348,18-20,Bachelor's,Other,Sophomore,Software Engineer,0.842,Software Engineer|Cloud Engineer|AI Engineer,5,4,5,2,3,2,3,1,3,4,1,3,1,2,0,2,4,3,2,2,4,3,3,4,3,4,2,3,4,4,3,5,3,2,5,3,3,3,4,3,3,{}
U0349,31+,Bachelor's,Mathematics,Not applicable,Network Engineer,0.822,Network Engineer|AI Engineer|Data Scientist,5,4,3,4,2,2,4,0,2,2,2,1,1,3,3,1,2,3,3,3,3,2,4,2,4,1,1,1,2,2,3,3,4,2,3,3,2,4,3,3,3,{}
U0350,27-30,Master's,Electrical Engineering,Graduate Year 1,Database Administrator,0.847,Database Administrator|Network Engineer|Cloud Engineer,1,4,1,5,5,3,0,2,0,1,5,3,4,5,3,5,5,2,2,0,1,3,1,3,4,5,5,4,4,2,2,2,2,5,3,2,3,2,4,2,5,{}
U0351,18-20,Master's,Computer Science,Graduate Year 1,Database Administrator,1.0,Database Administrator|Machine Learning Engineer|Cloud Engineer,4,5,5,4,5,2,3,1,5,3,4,2,1,2,4,3,5,3,2,3,4,2,2,4,2,4,5,2,4,3,2,4,4,2,3,5,3,5,3,1,4,{}
U0352,24-26,Professional Certification,Computer Science,Junior,Frontend Developer,0.922,Frontend Developer|UI/UX Designer|Cybersecurity Analyst,2,3,1,4,2,5,0,3,0,0,0,5,4,2,4,2,0,5,1,3,1,1,3,5,3,1,1,4,2,2,1,5,1,4,1,3,2,1,1,3,4,{}
U0353,21-23,Master's,Mathematics,Freshman,Database Administrator,0.797,Database Administrator|Network Engineer|Cloud Engineer,3,1,2,3,4,4,3,2,2,0,4,2,2,4,2,3,4,0,3,2,2,3,2,1,5,5,3,2,3,1,3,2,3,1,4,1,1,4,1,4,5,{}
U0354,18-20,Master's,Computer Engineering,Senior,Database Administrator,0.927,Database Administrator|UI/UX Designer|Frontend Developer,1,1,4,3,5,4,2,2,4,4,3,5,2,1,2,5,1,4,0,0,4,1,1,4,1,1,4,4,4,5,1,4,1,5,4,1,5,3,5,2,1,{}
U0355,24-26,Master's,Other,Not applicable,Data Scientist,0.431,Data Scientist|Machine Learning Engineer|Backend Developer,1,3,2,2,2,1,0,0,0,1,0,0,0,2,1,3,1,2,3,2,1,1,1,2,3,2,3,1,3,2,2,3,1,1,3,3,1,1,3,5,5,"{'Python': 4, 'Statistics': 4, 'Machine Learning': 2, 'Data Analysis': 1}"
U0356,27-30,Bachelor's,Electrical Engineering,Junior,Software Engineer,0.772,Software Engineer|Machine Learning Engineer|Frontend Developer,4,1,4,2,2,4,4,2,2,3,1,3,4,3,2,2,1,4,2,3,3,2,3,5,3,1,2,4,2,4,3,5,3,5,1,2,5,4,2,5,2,{}
U0357,21-23,Master's,Mathematics,Graduate Year 1,Network Engineer,0.928,Network Engineer|AI Engineer|Cloud Engineer,5,5,5,5,2,2,3,0,5,4,1,3,3,5,3,1,3,3,5,3,3,4,4,2,5,4,1,2,5,3,4,1,5,3,5,4,1,5,4,3,2,{}
U0358,27-30,Master's,Physics,Senior,Data Scientist,0.803,Data Scientist|Network Engineer|Cybersecurity Analyst,3,5,3,5,1,4,1,2,2,1,0,2,5,3,5,0,2,3,5,4,2,3,3,4,4,1,1,3,4,2,4,5,3,2,5,4,3,3,4,1,5,"{'Python': 3, 'Statistics': 4, 'Machine Learning': 0, 'Data Analysis': 0}"
U0359,18-20,Professional Certification,Mathematics,Junior,Software Engineer,0.677,Software Engineer|UI/UX Designer|Frontend Developer,1,2,3,1,4,3,2,3,4,4,2,2,2,0,0,2,1,0,1,1,4,1,1,1,1,1,3,3,2,4,2,1,1,2,3,1,3,2,4,4,2,{}
U0360,27-30,Bachelor's,Computer Engineering,Freshman,Frontend Developer,1.0,Frontend Developer|Database Administrator|UI/UX Designer,4,3,2,4,4,5,3,5,3,3,5,5,5,3,5,3,2,1,3,4,5,5,3,2,2,3,3,5,4,5,5,3,5,4,3,3,5,4,1,5,1,{}
U0361,27-30,Bachelor's,Data Science,Graduate Year 2+,Machine Learning Engineer,0.977,Machine Learning Engineer|AI Engineer|Cybersecurity Analyst,5,2,5,3,3,2,5,2,3,5,2,0,0,1,1,1,2,5,4,5,3,5,5,4,1,3,3,1,4,2,4,3,5,1,4,5,2,5,2,3,4,{}
U0362,27-30,PhD,Information Systems,Junior,Network Engineer,0.826,Network Engineer|Cloud Engineer|Data Analyst,5,3,2,3,3,1,1,0,0,1,4,2,0,3,1,1,5,3,3,3,1,4,2,2,2,5,2,1,2,2,4,2,4,1,1,4,1,2,2,1,4,{}
U0363,31+,Bachelor's,Physics,Sophomore,Backend Developer,0.661,Backend Developer|Machine Learning Engineer|Software Engineer,1,1,5,2,3,1,3,2,4,5,3,2,0,0,2,1,0,2,0,2,4,3,3,2,1,1,2,1,3,5,4,2,1,1,4,1,1,2,5,2,1,{}
U0364,24-26,Master's,Data Science,Graduate Year 1,Cybersecurity Analyst,0.812,Cybersecurity Analyst|UI/UX Designer|Database Administrator,3,1,4,5,3,2,2,1,4,4,3,3,3,4,4,4,0,4,0,2,3,1,2,5,3,1,3,2,3,2,2,5,3,2,3,1,3,2,1,5,5,{}
U0365,21-23,High School,Data Science,Not applicable,Cybersecurity Analyst,0.746,Cybersecurity Analyst|Data Analyst|Data Scientist,5,5,1,4,2,1,0,2,0,1,0,1,0,2,5,0,0,4,3,5,1,3,1,4,2,1,1,1,3,1,4,4,5,1,4,3,1,4,5,2,5,{}
U0366,27-30,Master's,Computer Science,Sophomore,Data Scientist,0.629,Data Scientist|Cloud Engineer|AI Engineer,2,4,1,1,1,3,1,3,0,1,0,1,1,2,1,1,5,0,4,2,1,2,3,1,1,5,1,1,2,1,2,1,2,1,2,4,2,3,5,5,4,"{'Python': 3, 'Statistics': 4, 'Machine Learning': 2, 'Data Analysis': 0}"
U0367,21-23,Bachelor's,Software Engineering,Graduate,Network Engineer,1.0,Network Engineer|Cloud Engineer|Cybersecurity Analyst,1,1,4,5,1,2,3,0,2,5,0,0,3,5,4,0,5,2,0,2,1,1,2,2,4,5,1,1,2,1,2,1,1,2,2,1,1,2,1,2,5,{}
U0368,Under 18,High School,Information Systems,Senior,Frontend Developer,1.0,Frontend Developer|UI/UX Designer|Network Engineer,4,1,1,5,4,5,1,4,2,2,3,5,5,5,5,2,2,5,1,3,1,2,2,5,5,2,2,5,2,2,3,5,1,5,2,3,4,3,3,3,4,{}
U0369,18-20,Bachelor's,Data Science,Sophomore,Data Scientist,0.642,Data Scientist|Cybersecurity Analyst|AI Engineer,2,5,1,1,3,2,0,0,0,0,1,2,0,1,2,2,3,4,3,5,1,3,3,3,1,2,3,1,2,1,4,3,5,1,1,4,1,1,5,3,5,"{'Python': 4, 'Statistics': 4, 'Machine Learning': 0, 'Data Analysis': 1}"
U0370,24-26,PhD,Mathematics,Graduate,AI Engineer,1.0,AI Engineer|Database Administrator|Data Scientist,3,4,4,4,5,3,5,1,2,4,3,4,3,2,4,5,0,5,5,5,4,5,4,4,3,1,3,2,5,3,5,5,5,1,4,4,2,5,4,5,2,{}
U0371,31+,Associate's,Information Systems,Graduate Year 1,Cloud Engineer,0.791,Cloud Engineer|Network Engineer|Cybersecurity Analyst,2,2,1,4,2,2,0,0,1,1,0,2,3,5,2,3,4,2,3,0,1,1,1,1,4,5,2,1,1,1,1,1,2,1,1,2,2,1,3,5,5,{}
U0372,27-30,Associate's,Information Systems,Not applicable,Network Engineer,0.952,Network Engineer|Database Administrator|Cybersecurity Analyst,2,1,1,4,5,3,1,2,2,1,4,1,4,4,5,5,2,4,0,1,1,3,2,5,5,1,4,2,2,1,4,4,1,2,1,2,2,1,2,1,5,{}
U0373,21-23,Bachelor's,Other,Not applicable,Machine Learning Engineer,0.838,Machine Learning Engineer|Software Engineer|Data Scientist,5,3,5,2,1,2,4,0,5,4,2,2,2,0,2,0,3,1,2,4,4,2,4,1,1,3,1,1,2,5,3,1,3,1,2,4,1,3,1,3,2,{}
U0374,24-26,Master's,Computer Science,Senior,Database Administrator,0.881,Database Administrator|Frontend Developer|UI/UX Designer,2,3,1,1,5,3,0,4,0,1,4,4,4,0,2,5,2,2,3,1,2,3,1,3,1,3,5,3,3,1,2,4,3,2,3,4,1,1,3,4,4,{}
U0375,21-23,Master's,Data Science,Graduate,Software Engineer,1.0,Software Engineer|Machine Learning Engineer|Data Scientist,4,5,5,5,2,5,4,4,5,5,0,5,4,5,3,0,0,1,2,3,5,1,3,2,5,1,1,3,5,5,1,1,4,2,5,5,4,3,5,5,1,{}
U0376,18-20,High School,Physics,Senior,Cybersecurity Analyst,0.875,Cybersecurity Analyst|Database Administrator|Network Engineer,4,3,2,5,5,3,0,4,3,1,4,2,3,3,4,4,3,5,2,5,1,5,1,5,4,2,3,2,5,2,4,5,4,2,5,4,2,4,1,5,5,{}
U0377,21-23,Bachelor's,Computer Engineering,Graduate Year 1,Software Engineer,0.805,Software Engineer|Data Scientist|Machine Learning Engineer,3,1,5,2,2,3,5,2,4,5,1,4,1,0,2,2,0,4,2,2,5,2,3,4,1,1,2,3,2,5,1,5,3,4,3,2,3,4,5,4,2,{}
U0378,Under 18,Master's,Information Technology,Senior,Data Scientist,0.759,Data Scientist|Backend Developer|Software Engineer,3,5,3,4,2,2,2,1,3,3,1,1,3,3,2,2,2,0,4,4,3,2,3,1,2,2,3,3,2,3,2,1,4,2,1,3,3,4,5,4,3,"{'Python': 2, 'Statistics': 4, 'Machine Learning': 0, 'Data Analysis': 0}"
U0379,27-30,Bachelor's,Electrical Engineering,Graduate Year 1,Database Administrator,0.985,Database Administrator|Data Analyst|Backend Developer,4,3,1,2,5,3,0,2,2,0,5,4,1,3,1,5,3,2,3,3,2,4,1,3,4,3,5,2,4,2,4,3,3,2,4,2,1,4,3,2,3,{}
U0380,31+,Bachelor's,Physics,Junior,Database Administrator,0.975,Database Administrator|Cloud Engineer|Backend Developer,1,3,2,4,5,3,2,3,1,3,5,4,4,2,3,5,2,2,0,2,3,2,3,2,1,1,5,3,4,2,3,3,2,2,4,1,2,2,4,2,3,{}
U0381,24-26,Associate's,Electrical Engineering,Graduate,Database Administrator,0.656,Database Administrator|Data Analyst|Data Scientist,4,4,1,3,3,3,0,4,2,1,4,1,3,2,1,3,2,5,4,2,3,4,1,5,2,2,3,3,4,3,3,5,3,4,3,4,4,3,2,1,4,{}
U0382,27-30,Associate's,Software Engineering,Graduate,Backend Developer,0.661,Backend Developer|Software Engineer|Machine Learning Engineer,1,2,5,2,4,2,5,0,4,4,4,2,3,2,1,3,1,0,2,0,4,1,3,1,2,1,3,3,3,5,1,1,2,3,2,1,3,3,2,3,2,{}
U0383,18-20,Professional Certification,Computer Science,Graduate,Cybersecurity Analyst,0.854,Cybersecurity Analyst|Backend Developer|Database Administrator,2,3,4,5,5,3,4,1,2,4,5,2,3,4,5,5,3,3,3,1,2,4,1,2,5,4,5,2,3,2,5,2,1,1,2,4,3,4,3,2,4,{}
U0384,24-26,Associate's,Computer Science,Graduate,Database Administrator,0.811,Database Administrator|Data Analyst|Cybersecurity Analyst,3,4,1,4,5,4,1,3,2,2,5,2,4,4,5,4,3,3,4,2,3,4,3,3,5,4,5,3,5,4,3,2,3,2,5,3,2,2,3,4,1,{}
U0385,27-30,Associate's,Other,Graduate,Network Engineer,0.674,Network Engineer|AI Engineer|Cybersecurity Analyst,2,4,3,4,2,3,3,3,1,2,0,3,2,5,2,2,2,1,1,4,3,1,4,2,5,1,2,4,2,4,1,1,4,5,3,3,4,3,4,4,1,{}
U0386,21-23,PhD,Mathematics,Graduate Year 1,UI/UX Designer,0.892,UI/UX Designer|Frontend Developer|Software Engineer,1,2,4,1,1,5,3,4,5,2,0,3,5,1,2,1,5,4,3,0,5,1,2,4,2,4,1,3,2,5,2,4,3,4,1,1,5,2,4,4,1,{}
U0387,24-26,Master's,Physics,Graduate,Database Administrator,1.0,Database Administrator|Frontend Developer|AI Engineer,4,3,2,1,5,4,3,4,1,3,5,4,2,1,0,5,3,2,3,4,3,4,4,2,1,4,5,2,4,4,5,3,5,2,3,3,2,4,1,3,1,{}
U0388,24-26,High School,Information Technology,Graduate Year 2+,UI/UX Designer,0.924,UI/UX Designer|Frontend Developer|Network Engineer,1,4,2,4,5,5,2,4,0,3,3,5,3,4,5,4,1,1,1,1,3,1,3,2,3,1,5,5,4,4,1,2,1,4,4,3,3,2,5,1,1,{}
U0389,24-26,Professional Certification,Computer Engineering,Sophomore,AI Engineer,1.0,AI Engineer|Software Engineer|Cybersecurity Analyst,4,4,5,5,2,3,4,1,5,5,1,2,1,4,4,3,0,1,4,3,5,3,5,1,3,1,1,1,4,5,3,2,4,1,4,4,2,5,3,3,1,{}
U0390,27-30,Master's,Information Systems,Graduate,Software Engineer,1.0,Software Engineer|Database Administrator|Backend Developer,5,4,5,1,5,4,4,5,5,5,5,2,2,0,2,5,2,2,4,2,4,5,4,1,1,2,5,2,3,4,5,1,5,2,2,4,3,4,5,2,2,{}
U0391,18-20,Bachelor's,Software Engineering,Senior,UI/UX Designer,1.0,UI/UX Designer|AI Engineer|Frontend Developer,4,5,3,2,3,5,3,5,4,2,2,5,5,3,2,1,1,4,4,5,3,5,4,5,2,2,2,4,5,2,5,4,5,3,5,5,5,3,3,2,4,{}
U0392,31+,Associate's,Electrical Engineering,Graduate Year 1,Data Scientist,1.0,Data Scientist|AI Engineer|Data Analyst,2,5,3,1,4,2,4,0,4,4,3,2,1,2,2,2,5,1,4,5,2,3,4,1,2,4,3,1,3,2,4,2,5,2,4,4,1,3,1,2,3,"{'Python': 0, 'Statistics': 4, 'Machine Learning': 0, 'Data Analysis': 0}"
U0393,24-26,Master's,Software Engineering,Junior,Database Administrator,0.867,Database Administrator|Data Analyst|Backend Developer,3,3,1,1,5,1,0,0,1,2,5,0,0,0,2,3,0,3,4,1,1,3,1,4,1,1,4,1,3,2,2,3,3,1,2,2,2,2,3,4,4,{}
U0394,31+,Bachelor's,Other,Graduate Year 1,Frontend Developer,0.783,Frontend Developer|UI/UX Designer|Data Scientist,1,5,1,2,2,4,1,2,2,2,3,3,3,1,1,2,4,0,3,1,3,1,1,1,2,3,1,3,3,3,1,1,2,4,2,4,4,1,2,2,4,{}
U0395,24-26,Master's,Information Technology,Sophomore,AI Engineer,0.732,AI Engineer|Data Scientist|Frontend Developer,5,1,2,3,2,5,3,3,0,3,2,5,3,1,1,3,3,1,3,4,1,3,5,1,1,3,1,3,4,1,4,1,4,3,5,4,3,2,5,5,4,{}
U0396,27-30,Bachelor's,Physics,Junior,Frontend Developer,0.721,Frontend Developer|UI/UX Designer|Data Scientist,4,4,1,1,4,3,1,3,0,0,3,4,3,2,1,2,0,2,5,4,2,4,2,2,1,1,3,3,2,3,3,2,3,3,3,3,1,2,1,2,3,{}
U0397,21-23,Bachelor's,Data Science,Junior,UI/UX Designer,1.0,UI/UX Designer|Data Scientist|Network Engineer,3,5,1,5,2,5,2,3,0,0,3,5,3,5,5,0,2,1,5,4,1,3,4,1,5,3,1,5,3,1,4,1,5,4,3,5,2,4,3,5,5,{}
U0398,27-30,Bachelor's,Other,Graduate Year 2+,Network Engineer,0.86,Network Engineer|Cloud Engineer|Cybersecurity Analyst,3,5,1,5,2,3,0,4,1,2,2,2,4,5,3,1,3,2,3,2,2,1,2,1,5,4,3,2,2,3,1,1,4,2,3,5,2,1,2,1,2,{}
U0399,21-23,Professional Certification,Physics,Graduate Year 2+,Database Administrator,1.0,Database Administrator|Data Analyst|Backend Developer,5,5,4,2,5,2,5,2,2,2,4,1,2,0,2,3,3,5,5,3,4,3,5,5,1,4,5,3,5,4,3,5,4,4,4,4,3,5,1,1,2,{}
U0400,21-23,High School,Other,Graduate,UI/UX Designer,0.756,UI/UX Designer|AI Engineer|Software Engineer,3,3,4,1,1,5,2,4,2,2,2,4,4,1,0,0,3,0,2,4,1,3,4,1,2,4,1,3,3,1,4,2,3,3,4,3,1,2,1,5,5,{}
U0401,31+,Master's,Computer Science,Graduate Year 1,Machine Learning Engineer,0.712,Machine Learning Engineer|Data Scientist|Backend Developer,2,2,4,3,3,1,3,0,2,5,1,2,2,1,4,2,0,1,1,3,3,3,3,2,1,1,1,1,2,2,4,3,2,1,2,3,2,1,5,3,5,{}
U0402,27-30,Professional Certification,Other,Junior,Software Engineer,0.699,Software Engineer|Network Engineer|Frontend Developer,3,3,2,5,1,3,3,1,2,2,0,2,4,3,5,1,0,2,1,1,2,1,3,1,3,1,1,3,2,1,1,2,2,4,1,1,1,2,1,4,4,{}
U0403,Under 18,Master's,Information Systems,Senior,Frontend Developer,0.974,Frontend Developer|UI/UX Designer|AI Engineer,4,5,1,2,2,5,2,5,1,1,2,4,4,2,3,0,2,4,2,3,1,1,2,3,2,2,1,3,2,1,1,3,4,4,3,5,2,2,5,1,5,{}
U0404,24-26,Master's,Computer Science,Not applicable,Backend Developer,1.0,Backend Developer|Data Scientist|AI Engineer,5,5,5,3,4,2,5,1,5,5,4,1,3,3,4,4,3,1,3,4,4,3,5,2,2,2,4,2,3,5,2,1,5,2,4,4,3,3,4,3,1,{}
U0405,27-30,High School,Physics,Graduate,UI/UX Designer,0.934,UI/UX Designer|Frontend Developer|Backend Developer,2,1,4,1,4,5,2,5,3,2,3,3,5,0,2,3,3,2,1,0,2,1,1,1,1,2,4,4,3,1,1,2,2,5,2,1,3,2,4,2,5,{}
U0406,24-26,Master's,Computer Science,Senior,Cloud Engineer,0.832,Cloud Engineer|Data Scientist|Machine Learning Engineer,3,5,3,4,1,4,4,3,3,2,0,5,3,5,5,1,4,1,4,4,2,2,3,1,5,5,1,5,3,2,2,2,3,5,4,3,5,4,5,3,3,{}
U0407,31+,Bachelor's,Information Technology,Freshman,Frontend Developer,0.919,Frontend Developer|Database Administrator|Network Engineer,4,2,2,5,5,5,2,5,0,1,5,3,4,5,3,5,3,0,2,1,1,2,2,1,5,3,5,4,4,1,2,1,3,3,5,4,3,3,5,3,5,{}
U0408,18-20,Master's,Electrical Engineering,Freshman,Database Administrator,0.868,Database Administrator|Backend Developer|Data Analyst,4,2,5,1,5,1,5,0,3,4,3,0,0,2,2,5,3,4,3,1,2,1,3,3,3,3,3,1,4,3,1,4,4,1,3,3,2,3,2,3,4,{}
U0409,27-30,PhD,Physics,Graduate Year 1,Database Administrator,1.0,Database Administrator|Backend Developer|Machine Learning Engineer,5,5,5,5,5,2,5,0,5,5,5,2,2,5,5,5,0,2,3,3,5,3,4,3,5,1,4,1,5,5,4,4,5,1,4,3,4,3,3,4,1,{}
U0410,31+,Associate's,Data Science,Graduate Year 1,Data Analyst,0.994,Data Analyst|Database Administrator|Data Scientist,5,5,2,3,4,2,1,3,1,3,5,2,2,2,2,3,2,0,5,5,2,5,2,1,2,1,5,2,3,1,4,1,5,2,2,5,2,5,3,5,4,{}
U0411,21-23,Master's,Physics,Freshman,Machine Learning Engineer,0.526,Machine Learning Engineer|Software Engineer|Network Engineer,3,2,1,1,3,1,2,0,2,1,1,0,2,2,2,2,2,3,3,2,1,3,1,2,1,2,1,2,2,1,3,1,1,3,3,3,1,2,1,4,4,{}
U0412,18-20,Master's,Computer Science,Graduate Year 2+,Data Analyst,0.835,Data Analyst|Data Scientist|AI Engineer,3,5,2,2,2,1,3,0,0,2,1,0,1,0,2,1,4,5,4,2,2,1,3,5,1,5,2,1,2,3,1,5,5,1,2,5,3,2,5,2,3,{}
U0413,24-26,Associate's,Computer Science,Junior,Database Administrator,0.808,Database Administrator|Backend Developer|Data Analyst,1,2,3,3,5,3,2,3,4,2,4,3,2,1,2,3,2,2,0,2,2,3,2,2,1,2,3,3,4,3,4,1,1,2,3,1,1,2,3,3,4,{}
U0414,18-20,Master's,Physics,Freshman,Data Scientist,0.744,Data Scientist|AI Engineer|Machine Learning Engineer,5,3,1,2,1,2,2,3,0,0,2,3,2,1,0,1,2,0,3,4,1,2,3,1,1,2,3,4,2,1,2,1,3,3,3,3,3,3,1,4,5,"{'Python': 2, 'Statistics': 4, 'Machine Learning': 0, 'Data Analysis': 1}"
U0415,18-20,Associate's,Other,Graduate Year 2+,Software Engineer,0.586,Software Engineer|Cloud Engineer|Backend Developer,2,4,3,2,2,1,3,2,3,4,1,0,0,1,1,3,4,3,1,2,2,1,2,3,1,4,3,2,1,3,1,3,2,1,1,3,3,3,3,1,4,{}
U0416,24-26,Bachelor's,Software Engineering,Not applicable,Data Scientist,0.612,Data Scientist|Data Analyst|Cybersecurity Analyst,5,4,2,1,2,1,0,2,1,1,0,0,1,2,1,0,3,2,5,2,2,2,2,2,2,4,1,1,2,1,3,3,5,1,1,4,2,5,1,2,5,"{'Python': 4, 'Statistics': 4, 'Machine Learning': 2, 'Data Analysis': 0}"
U0417,31+,Bachelor's,Other,Graduate,Data Scientist,0.804,Data Scientist|UI/UX Designer|AI Engineer,4,4,4,4,2,5,4,3,4,4,1,3,5,5,2,1,3,1,2,4,4,3,5,1,5,2,1,3,5,5,4,1,5,3,4,3,3,4,4,2,1,"{'Python': 0, 'Statistics': 4, 'Machine Learning': 0, 'Data Analysis': 2}"
U0418,21-23,Bachelor's,Mathematics,Graduate Year 2+,Cloud Engineer,0.785,Cloud Engineer|AI Engineer|Frontend Developer,5,2,2,2,3,4,0,4,0,2,1,3,2,1,2,2,5,4,5,5,1,3,3,4,1,5,3,2,2,1,4,3,3,1,2,3,1,3,4,3,4,{}
U0419,21-23,High School,Computer Science,Junior,Database Administrator,0.992,Database Administrator|Machine Learning Engineer|AI Engineer,5,5,3,3,5,2,3,1,3,4,5,3,0,3,2,5,4,0,3,5,4,4,5,1,4,5,5,1,5,5,4,1,5,2,5,3,1,3,3,1,1,{}
U0420,27-30,Bachelor's,Data Science,Graduate Year 2+,Database Administrator,0.891,Database Administrator|AI Engineer|Network Engineer,4,3,3,3,5,1,3,2,2,3,3,0,1,4,2,5,0,2,2,5,1,4,3,2,5,1,5,1,4,1,4,3,4,2,4,3,1,3,3,4,5,{}
U0421,27-30,Master's,Mathematics,Not applicable,AI Engineer,0.802,AI Engineer|Software Engineer|Data Scientist,3,3,4,4,1,3,4,2,3,2,0,4,3,4,3,0,2,3,3,3,2,2,4,2,4,1,1,3,3,2,2,2,2,2,3,2,3,4,2,5,4,{}
U0422,24-26,Master's,Data Science,Sophomore,Cloud Engineer,0.742,Cloud Engineer|Data Scientist|Cybersecurity Analyst,2,4,1,3,1,1,0,2,0,1,2,1,2,3,3,0,4,2,3,4,1,3,2,3,2,5,2,2,2,2,4,4,4,1,3,3,1,2,1,2,5,{}
U0423,31+,Bachelor's,Other,Graduate,Backend Developer,0.828,Backend Developer|Cloud Engineer|Machine Learning Engineer,4,2,4,4,1,3,4,1,5,2,2,2,1,2,5,1,3,1,1,1,2,1,3,2,2,3,2,1,2,3,1,2,3,2,1,3,3,4,2,4,2,{}
U0424,21-23,Bachelor's,Other,Graduate Year 2+,Cloud Engineer,0.69,Cloud Engineer|Data Scientist|Network Engineer,5,4,1,2,2,2,0,3,1,0,1,0,2,3,3,3,5,0,4,5,1,2,3,1,2,5,2,1,4,1,1,2,4,2,5,3,1,3,3,3,5,{}
U0425,24-26,Bachelor's,Information Technology,Freshman,AI Engineer,0.858,AI Engineer|Machine Learning Engineer|Data Scientist,2,5,4,5,3,2,4,1,3,4,1,2,2,5,3,2,0,0,5,5,3,4,3,1,4,1,3,2,5,3,3,2,3,3,4,5,3,5,5,3,3,{}
U0426,27-30,Associate's,Physics,Junior,Network Engineer,0.873,Network Engineer|Cloud Engineer|Software Engineer,4,1,3,3,1,3,1,3,3,2,2,3,4,3,4,1,3,1,3,1,2,1,1,2,3,2,2,2,1,3,1,3,3,1,1,2,2,2,5,5,2,{}
U0427,18-20,Bachelor's,Other,Freshman,Machine Learning Engineer,0.884,Machine Learning Engineer|AI Engineer|Data Scientist,5,4,4,2,3,1,3,1,3,3,3,2,0,0,2,1,1,4,2,5,3,4,5,5,1,1,1,2,4,3,3,5,5,2,5,5,3,4,5,4,3,{}
U0428,27-30,Bachelor's,Computer Engineering,Freshman,Cybersecurity Analyst,0.728,Cybersecurity Analyst|Network Engineer|Database Administrator,1,4,1,4,3,2,2,3,0,2,2,1,0,3,4,1,2,4,2,3,3,3,2,5,3,3,3,1,1,3,4,4,3,2,1,3,3,1,2,3,2,{}
U0429,18-20,Bachelor's,Electrical Engineering,Senior,Cloud Engineer,0.879,Cloud Engineer|Database Administrator|Network Engineer,3,3,2,5,5,2,1,1,0,3,4,3,3,3,4,5,4,0,4,1,1,2,2,1,3,3,4,3,4,1,1,1,3,4,4,4,2,3,2,3,4,{}
U0430,24-26,Associate's,Software Engineering,Graduate Year 2+,Database Administrator,0.81,Database Administrator|Backend Developer|Network Engineer,5,1,2,1,3,3,1,2,2,1,2,1,1,1,0,4,4,3,3,4,2,3,2,3,1,3,4,2,1,3,2,3,3,2,1,3,3,3,2,4,2,{}
U0431,21-23,Master's,Other,Sophomore,Cybersecurity Analyst,1.0,Cybersecurity Analyst|Network Engineer|Cloud Engineer,4,5,1,5,3,3,0,1,0,2,4,4,4,5,5,3,5,5,2,2,1,2,1,5,5,5,4,2,3,1,1,5,5,3,4,5,3,1,3,3,5,{}
U0432,21-23,Bachelor's,Computer Science,Not applicable,Cybersecurity Analyst,0.967,Cybersecurity Analyst|Cloud Engineer|Data Scientist,4,2,4,5,3,2,4,1,3,4,4,2,1,5,4,3,3,5,3,4,3,3,4,5,5,2,4,2,3,2,3,4,3,3,3,3,3,5,5,5,4,{}
U0433,24-26,Bachelor's,Electrical Engineering,Graduate Year 2+,UI/UX Designer,0.73,UI/UX Designer|Frontend Developer|Cloud Engineer,3,3,2,2,1,4,1,2,2,3,2,5,5,0,3,0,4,0,3,4,2,3,3,1,1,5,2,3,1,1,2,1,3,4,1,3,1,2,2,5,5,{}
U0434,27-30,Master's,Computer Science,Freshman,Data Scientist,1.0,Data Scientist|Software Engineer|Machine Learning Engineer,5,4,4,2,2,1,4,0,4,5,0,1,1,2,1,0,1,5,4,5,4,2,5,5,3,1,1,2,2,4,1,5,4,1,3,3,3,4,3,4,3,"{'Python': 0, 'Statistics': 4, 'Machine Learning': 0, 'Data Analysis': 0}"
U0435,24-26,Bachelor's,Electrical Engineering,Graduate Year 1,Machine Learning Engineer,1.0,Machine Learning Engineer|Data Scientist|AI Engineer,5,5,5,3,3,5,5,5,5,5,3,3,5,1,3,3,2,4,4,5,5,3,4,3,1,1,4,5,4,5,3,4,4,5,4,5,4,5,5,4,1,{}
U0436,27-30,Professional Certification,Physics,Sophomore,Machine Learning Engineer,0.535,Machine Learning Engineer|AI Engineer|Network Engineer,5,1,1,3,1,2,2,1,0,0,0,0,2,2,2,0,4,2,3,3,1,2,3,1,1,3,1,1,1,2,3,1,3,1,1,4,2,2,2,5,3,{}
U0437,Under 18,Master's,Physics,Senior,AI Engineer,1.0,AI Engineer|Data Scientist|Machine Learning Engineer,5,5,5,2,5,1,4,1,4,5,5,1,0,3,2,5,4,4,5,5,5,5,3,4,4,3,5,2,4,4,5,3,4,2,5,5,4,4,4,3,1,{}
U0438,27-30,Master's,Physics,Sophomore,Data Scientist,1.0,Data Scientist|AI Engineer|Cloud Engineer,5,5,4,5,1,1,3,2,4,4,0,0,0,3,3,0,3,4,5,5,4,4,4,5,2,2,1,2,4,4,4,4,5,1,3,4,3,4,5,5,1,"{'Python': 1, 'Statistics': 4, 'Machine Learning': 0, 'Data Analysis': 0}"
U0439,27-30,Bachelor's,Software Engineering,Graduate Year 2+,Database Administrator,0.863,Database Administrator|Backend Developer|Frontend Developer,1,2,3,3,5,3,3,3,3,2,5,2,3,4,2,4,2,1,2,0,4,1,2,1,4,1,4,3,4,3,1,1,1,3,4,2,3,2,4,1,2,{}
U0440,24-26,High School,Data Science,Freshman,Network Engineer,0.96,Network Engineer|Cybersecurity Analyst|Cloud Engineer,4,1,2,5,1,3,2,3,2,0,1,3,2,4,5,1,5,4,0,1,3,1,3,4,3,5,2,2,4,2,1,4,1,1,3,3,2,3,1,1,5,{}
U0441,18-20,High School,Information Technology,Freshman,Cloud Engineer,1.0,Cloud Engineer|UI/UX Designer|Frontend Developer,2,3,2,4,2,5,1,5,0,2,3,5,4,5,2,0,5,1,0,2,3,3,2,2,5,5,3,5,4,3,2,2,3,4,5,2,5,1,1,3,3,{}
U0442,27-30,Bachelor's,Computer Engineering,Sophomore,UI/UX Designer,1.0,UI/UX Designer|Data Analyst|Frontend Developer,4,3,4,1,5,4,5,4,3,5,5,5,4,2,2,3,0,2,3,2,3,3,5,2,3,1,4,5,3,2,3,1,4,4,3,4,4,3,1,1,4,{}
U0443,21-23,Bachelor's,Software Engineering,Graduate Year 2+,Machine Learning Engineer,1.0,Machine Learning Engineer|Software Engineer|Backend Developer,1,4,5,1,3,1,5,1,5,5,4,0,0,0,2,2,3,0,1,2,3,2,4,1,1,2,4,1,1,3,2,1,1,1,1,2,3,3,5,4,2,{}
U0444,18-20,Bachelor's,Computer Engineering,Senior,UI/UX Designer,0.69,UI/UX Designer|Cloud Engineer|Data Analyst,1,2,3,3,3,4,4,3,1,2,4,3,3,2,2,1,4,1,2,2,2,4,2,2,2,5,2,4,2,3,4,1,2,3,1,3,2,2,5,1,3,{}
U0445,Under 18,Bachelor's,Information Technology,Sophomore,UI/UX Designer,0.694,UI/UX Designer|Frontend Developer|Database Administrator,2,1,1,1,3,3,0,4,0,2,3,4,2,1,0,2,1,1,1,0,2,1,1,1,1,1,2,4,2,1,1,1,1,3,1,1,2,1,1,1,4,{}
U0446,24-26,Master's,Other,Graduate,Database Administrator,0.822,Database Administrator|Machine Learning Engineer|Software Engineer,1,2,3,3,5,3,4,2,1,1,3,2,1,1,4,5,2,5,0,2,1,3,4,4,2,1,3,1,2,2,2,5,1,2,3,1,2,1,2,5,3,{}
U0447,18-20,Associate's,Data Science,Graduate Year 2+,Software Engineer,0.923,Software Engineer|UI/UX Designer|Frontend Developer,3,1,4,1,3,5,5,4,2,3,3,4,4,1,0,3,0,2,2,2,5,1,4,2,1,1,2,4,2,5,1,1,1,3,3,2,5,3,1,2,2,{}
U0448,24-26,Professional Certification,Other,Junior,Database Administrator,1.0,Database Administrator|Software Engineer|Backend Developer,4,4,4,4,5,4,2,3,5,3,4,2,5,5,2,5,1,3,5,3,2,4,2,4,5,2,4,3,3,2,5,4,4,4,3,4,2,5,2,4,3,{}
U0449,18-20,Master's,Electrical Engineering,Sophomore,Network Engineer,0.856,Network Engineer|Cybersecurity Analyst|Cloud Engineer,4,1,3,5,1,3,2,4,4,3,1,4,1,5,4,1,3,4,2,0,3,1,1,3,5,3,1,3,3,4,2,4,2,2,2,2,3,3,1,2,2,{}
U0450,21-23,Bachelor's,Computer Engineering,Sophomore,Machine Learning Engineer,1.0,Machine Learning Engineer|Frontend Developer|AI Engineer,3,5,4,2,3,5,5,5,3,2,2,4,4,3,3,3,1,5,3,4,5,2,4,5,3,1,2,4,3,4,3,4,3,5,3,4,3,3,3,1,2,{}
U0451,21-23,Master's,Information Technology,Not applicable,Network Engineer,0.955,Network Engineer|Database Administrator|Backend Developer,2,1,4,5,5,1,3,2,5,5,3,0,0,5,5,5,3,2,1,2,5,1,3,1,5,2,4,1,4,4,1,2,1,1,3,1,2,1,1,4,2,{}
U0452,Under 18,Master's,Data Science,Graduate Year 1,Database Administrator,0.979,Database Administrator|Backend Developer|Software Engineer,1,1,3,1,5,1,4,1,4,2,5,0,0,0,0,5,0,0,2,0,4,2,3,1,1,1,4,1,3,4,2,1,1,2,4,2,3,2,3,2,3,{}
U0453,21-23,Bachelor's,Physics,Not applicable,Cloud Engineer,0.802,Cloud Engineer|Database Administrator|Network Engineer,5,1,1,4,4,2,2,1,0,2,3,0,1,3,2,2,5,5,3,1,1,3,2,5,2,5,3,1,3,1,2,5,2,1,3,2,1,4,2,1,4,{}
U0454,27-30,Master's,Physics,Sophomore,AI Engineer,0.911,AI Engineer|Backend Developer|Software Engineer,2,1,5,1,3,3,3,4,4,5,4,1,1,1,0,3,2,3,1,3,4,3,3,3,2,3,3,3,2,5,4,2,1,4,2,1,4,4,5,5,1,{}
U0455,24-26,Master's,Other,Freshman,AI Engineer,0.981,AI Engineer|Data Analyst|Data Scientist,5,4,2,1,5,3,3,2,2,2,4,4,3,2,2,3,1,0,5,5,3,5,4,1,1,1,3,2,4,4,4,1,5,3,3,4,3,4,2,3,1,{}
U0456,27-30,Associate's,Mathematics,Senior,Software Engineer,1.0,Software Engineer|Machine Learning Engineer|AI Engineer,5,3,5,2,2,3,5,3,5,5,0,1,3,2,2,0,1,1,4,4,4,3,4,1,1,1,1,2,3,4,2,1,4,3,4,3,3,5,2,5,1,{}
U0457,21-23,Bachelor's,Information Technology,Graduate,Software Engineer,0.972,Software Engineer|Database Administrator|Backend Developer,4,1,5,2,4,4,5,2,5,5,4,3,5,2,1,2,0,4,1,2,5,2,4,4,1,1,4,4,2,4,3,3,1,4,2,2,3,3,1,2,3,{}
U0458,18-20,Bachelor's,Electrical Engineering,Sophomore,Software Engineer,0.982,Software Engineer|UI/UX Designer|Cybersecurity Analyst,5,5,4,4,1,5,3,5,5,5,0,3,4,5,3,1,2,2,5,3,4,2,4,3,5,1,1,5,3,4,1,2,5,5,2,4,5,5,1,2,3,{}
U0459,21-23,Bachelor's,Electrical Engineering,Senior,Network Engineer,0.893,Network Engineer|Database Administrator|Machine Learning Engineer,5,4,4,5,4,4,4,2,4,2,3,4,2,4,5,5,2,1,3,3,4,3,5,1,5,3,5,3,5,4,4,1,4,4,5,5,3,5,1,1,2,{}
U0460,18-20,Master's,Software Engineering,Freshman,Frontend Developer,0.75,Frontend Developer|Cloud Engineer|UI/UX Designer,1,1,3,1,2,4,3,3,4,4,0,4,2,2,2,0,2,1,0,0,5,1,2,1,1,3,1,3,2,5,1,1,2,2,3,1,5,1,4,2,1,{}
U0461,27-30,Bachelor's,Information Technology,Graduate Year 2+,Backend Developer,0.907,Backend Developer|Software Engineer|Data Scientist,4,3,5,3,3,1,3,1,5,3,2,0,1,2,1,4,0,4,2,2,4,2,1,4,2,1,2,1,4,4,1,5,5,1,3,3,2,4,3,1,1,{}
U0462,18-20,PhD,Physics,Junior,Data Scientist,0.655,Data Scientist|AI Engineer|Data Analyst,5,4,1,3,1,3,0,3,0,0,2,3,2,2,4,0,0,2,2,4,1,3,1,1,3,1,1,3,4,1,2,2,5,4,4,4,1,2,5,2,5,"{'Python': 4, 'Statistics': 4, 'Machine Learning': 0, 'Data Analysis': 2}"
U0463,24-26,Associate's,Electrical Engineering,Freshman,Network Engineer,0.903,Network Engineer|Cloud Engineer|Cybersecurity Analyst,2,5,2,4,3,3,0,3,1,2,1,3,3,5,5,4,4,4,4,5,1,4,2,5,5,5,3,2,4,2,4,5,5,2,5,4,2,4,5,4,3,{}
U0464,18-20,Bachelor's,Mathematics,Junior,UI/UX Designer,0.957,UI/UX Designer|Frontend Developer|Database Administrator,3,2,4,1,3,5,2,4,4,4,3,5,5,1,0,2,2,1,3,3,3,2,3,1,1,3,3,5,2,3,2,1,3,4,2,3,4,3,3,2,2,{}
U0465,27-30,Master's,Software Engineering,Graduate Year 2+,Cloud Engineer,0.991,Cloud Engineer|Software Engineer|Network Engineer,1,4,5,5,3,4,5,3,3,5,4,3,3,5,4,3,5,2,2,1,4,2,2,1,4,5,4,4,4,4,3,1,1,4,3,3,5,2,5,1,2,{}
U0466,18-20,Master's,Mathematics,Freshman,Frontend Developer,1.0,Frontend Developer|Machine Learning Engineer|Backend Developer,2,5,5,5,3,5,5,5,4,5,3,5,5,3,5,3,1,3,4,4,5,4,5,4,3,2,3,5,4,5,3,5,4,4,3,4,5,5,5,5,2,{}
U0467,31+,Master's,Computer Science,Graduate Year 1,Software Engineer,0.806,Software Engineer|AI Engineer|Machine Learning Engineer,5,1,5,2,3,4,4,3,4,3,3,4,2,1,2,2,4,0,1,3,3,3,4,1,1,3,1,3,2,2,2,2,4,4,3,1,3,5,3,4,4,{}
U0468,31+,Bachelor's,Other,Senior,Frontend Developer,0.898,Frontend Developer|Database Administrator|UI/UX Designer,2,1,3,5,4,5,2,5,1,1,5,3,5,3,4,3,2,4,3,1,2,2,3,5,2,3,4,4,4,1,2,5,2,5,5,3,3,3,4,2,5,{}
U0469,18-20,Bachelor's,Computer Science,Sophomore,Software Engineer,0.895,Software Engineer|Machine Learning Engineer|Frontend Developer,1,4,5,2,1,3,5,3,5,3,1,4,1,0,1,0,4,1,3,0,5,2,3,1,1,4,1,2,3,5,1,1,1,3,3,2,3,3,1,4,2,{}
U0470,18-20,Bachelor's,Electrical Engineering,Sophomore,Cloud Engineer,0.711,Cloud Engineer|Data Scientist|Network Engineer,1,4,3,3,1,2,4,1,2,4,2,1,0,4,3,0,4,3,2,1,4,2,2,3,5,5,1,1,2,3,2,3,3,1,2,2,2,2,2,4,2,{}
U0471,21-23,Bachelor's,Physics,Freshman,Frontend Developer,0.869,Frontend Developer|Cybersecurity Analyst|UI/UX Designer,5,3,3,3,3,4,2,4,1,2,2,4,4,1,2,1,1,2,2,3,2,1,1,2,2,1,2,3,3,1,1,1,5,4,4,3,3,2,5,5,5,{}
U0472,24-26,Bachelor's,Computer Science,Senior,Backend Developer,0.879,Backend Developer|Database Administrator|Data Analyst,1,4,4,1,4,1,4,0,4,4,5,1,0,1,2,2,3,3,1,2,4,3,4,2,2,2,3,1,3,4,2,2,3,2,3,2,1,1,4,3,1,{}
U0473,27-30,High School,Other,Sophomore,Data Analyst,0.375,Data Analyst|Cloud Engineer|Software Engineer,1,3,1,1,2,1,1,0,2,0,3,2,2,0,2,0,3,1,2,1,1,2,2,1,1,2,1,2,1,1,3,1,1,3,1,3,1,1,2,2,4,{}
U0474,24-26,Professional Certification,Data Science,Junior,UI/UX Designer,0.867,UI/UX Designer|Software Engineer|Frontend Developer,1,2,4,1,1,5,3,4,4,3,0,5,3,1,2,1,0,5,2,0,3,2,3,5,1,1,1,4,3,4,2,5,2,4,4,1,4,1,3,1,3,{}
U0475,18-20,Bachelor's,Computer Engineering,Senior,Data Scientist,0.957,Data Scientist|Software Engineer|Machine Learning Engineer,5,5,4,1,2,3,3,4,5,3,3,3,2,2,0,0,3,2,5,4,5,3,3,1,1,3,3,2,2,5,4,1,5,2,1,4,3,4,2,1,2,"{'Python': 1, 'Statistics': 4, 'Machine Learning': 0, 'Data Analysis': 0}"
U0476,27-30,Master's,Electrical Engineering,Sophomore,Cybersecurity Analyst,0.788,Cybersecurity Analyst|Database Administrator|Data Analyst,3,4,2,3,5,2,1,2,1,3,5,0,2,4,3,4,3,4,4,4,2,5,2,4,3,3,5,1,3,1,5,4,5,1,3,4,2,4,4,1,4,{}
U0477,18-20,Master's,Electrical Engineering,Graduate,Backend Developer,0.85,Backend Developer|Database Administrator|Cybersecurity Analyst,2,4,4,4,5,2,2,3,3,2,5,0,2,2,4,4,1,3,2,3,1,3,3,3,1,1,3,2,5,1,2,2,3,3,5,4,1,4,3,4,4,{}
U0478,24-26,Bachelor's,Computer Engineering,Graduate,Cybersecurity Analyst,1.0,Cybersecurity Analyst|Network Engineer|Cloud Engineer,2,4,1,4,4,4,0,2,0,0,5,2,3,4,5,2,2,5,2,4,1,4,1,4,4,2,5,1,3,2,5,5,3,1,4,4,2,2,1,2,3,{}
U0479,Under 18,Master's,Other,Graduate Year 1,Frontend Developer,0.953,Frontend Developer|UI/UX Designer|AI Engineer,4,3,1,2,4,4,0,4,1,2,2,3,4,1,0,3,3,5,5,5,1,5,1,5,1,3,3,4,4,1,5,5,4,3,5,3,2,3,1,3,4,{}
U0480,18-20,Master's,Other,Graduate Year 1,Database Administrator,0.969,Database Administrator|Data Analyst|AI Engineer,5,5,3,2,5,2,3,0,3,4,4,1,2,0,0,5,4,2,5,3,2,4,2,2,1,3,3,2,4,2,4,3,5,2,5,4,2,3,3,4,3,{}
U0481,21-23,Associate's,Other,Graduate Year 2+,Data Analyst,0.826,Data Analyst|Database Administrator|Cloud Engineer,5,5,2,2,5,3,0,4,0,1,4,3,3,0,3,4,5,5,5,4,1,3,2,4,1,5,3,3,4,1,4,4,5,2,5,5,2,5,1,1,5,{}
U0482,18-20,Master's,Information Systems,Graduate Year 1,Cloud Engineer,0.854,Cloud Engineer|Network Engineer|Cybersecurity Analyst,5,3,1,3,2,3,1,1,0,0,1,3,1,2,4,2,5,3,4,3,1,2,2,4,1,4,3,2,2,1,3,3,5,1,3,5,2,3,1,3,5,{}
U0483,24-26,Associate's,Information Systems,Graduate,UI/UX Designer,0.955,UI/UX Designer|Frontend Developer|Database Administrator,3,2,3,3,5,5,1,5,4,2,5,5,4,2,2,5,1,4,2,1,2,2,1,3,2,1,5,4,4,1,2,3,2,4,4,2,3,2,1,1,5,{}
U0484,21-23,Bachelor's,Software Engineering,Graduate Year 1,Frontend Developer,0.8,Frontend Developer|UI/UX Designer|Software Engineer,1,3,2,3,1,4,2,2,3,2,0,5,4,3,2,0,1,1,0,1,2,1,1,1,3,2,1,4,3,3,1,1,1,4,4,1,3,2,5,4,2,{}
U0485,Under 18,Professional Certification,Information Technology,Senior,Backend Developer,0.509,Backend Developer|Frontend Developer|Cloud Engineer,1,1,3,1,3,2,3,0,3,3,2,3,3,1,0,2,4,0,0,0,1,2,1,1,2,3,1,3,1,1,1,2,1,3,1,2,2,1,1,4,5,{}
U0486,27-30,Associate's,Information Systems,Graduate Year 2+,Data Analyst,0.678,Data Analyst|Database Administrator|AI Engineer,3,5,1,1,4,1,0,1,0,0,4,0,2,0,0,3,5,0,4,4,1,3,1,1,1,5,4,2,2,2,2,1,3,2,1,3,3,4,1,1,3,{}
U0487,27-30,High School,Mathematics,Sophomore,Data Scientist,0.845,Data Scientist|AI Engineer|Software Engineer,3,2,3,2,2,4,4,4,2,4,1,3,2,0,3,1,0,3,0,3,4,1,5,4,1,1,1,2,2,5,2,3,3,2,1,2,3,3,4,4,2,"{'Python': 0, 'Statistics': 4, 'Machine Learning': 1, 'Data Analysis': 4}"
U0488,18-20,Bachelor's,Computer Engineering,Graduate Year 1,Database Administrator,0.844,Database Administrator|Machine Learning Engineer|Software Engineer,2,2,3,1,5,2,3,3,1,1,4,0,3,2,0,3,2,2,2,3,2,2,4,2,3,3,3,1,1,2,3,3,3,1,1,2,3,1,5,3,5,{}
U0489,27-30,Bachelor's,Electrical Engineering,Graduate,Software Engineer,0.893,Software Engineer|AI Engineer|Machine Learning Engineer,4,3,5,3,1,3,4,1,5,5,0,2,2,1,3,2,4,5,2,3,3,3,3,5,1,4,2,1,3,3,2,5,5,2,2,2,2,5,2,2,2,{}
U0490,27-30,Associate's,Computer Engineering,Not applicable,Database Administrator,0.903,Database Administrator|Data Analyst|Data Scientist,4,5,2,4,5,2,0,2,2,3,5,3,2,2,4,5,2,0,4,3,1,4,3,1,2,2,4,2,5,1,5,1,4,2,5,3,2,2,3,4,4,{}
U0491,24-26,Master's,Mathematics,Sophomore,Database Administrator,0.852,Database Administrator|Network Engineer|Cybersecurity Analyst,3,3,3,4,5,2,1,1,1,4,5,2,2,5,3,4,0,5,4,3,1,3,2,5,5,1,5,2,2,1,2,5,3,1,2,3,2,3,1,5,4,{}
U0492,31+,Master's,Software Engineering,Not applicable,Database Administrator,0.882,Database Administrator|Backend Developer|Data Analyst,1,2,5,1,5,2,4,3,4,3,5,3,0,1,0,4,4,5,3,0,3,4,3,5,2,3,4,3,3,2,4,4,3,3,2,2,2,3,3,1,3,{}
U0493,21-23,Bachelor's,Information Technology,Not applicable,Database Administrator,1.0,Database Administrator|Backend Developer|Software Engineer,4,3,5,1,5,2,3,3,3,3,5,3,2,0,0,5,0,4,3,2,3,2,1,4,1,1,5,2,2,4,1,5,5,2,3,4,2,3,2,1,2,{}
U0494,24-26,Master's,Software Engineering,Junior,Cybersecurity Analyst,1.0,Cybersecurity Analyst|Network Engineer|Cloud Engineer,3,2,1,4,2,2,0,2,2,0,0,2,1,5,3,1,3,5,1,1,1,1,1,5,4,2,1,2,2,2,1,5,1,3,2,2,1,3,3,4,4,{}
U0495,18-20,Master's,Computer Engineering,Senior,Data Analyst,1.0,Data Analyst|Network Engineer|Cybersecurity Analyst,2,5,3,5,3,4,4,3,3,1,4,4,4,5,5,3,5,5,5,5,4,5,5,5,4,4,5,3,5,4,4,4,3,3,5,3,5,4,1,2,3,{}
U0496,21-23,High School,Other,Freshman,Frontend Developer,0.8,Frontend Developer|UI/UX Designer|Database Administrator,4,1,3,2,3,5,1,5,4,1,3,4,4,3,0,3,2,1,3,2,4,4,3,2,2,1,2,5,3,5,3,2,3,4,2,3,3,2,2,3,1,{}
U0497,21-23,Bachelor's,Mathematics,Graduate,Frontend Developer,0.855,Frontend Developer|Network Engineer|UI/UX Designer,2,5,1,4,2,4,2,5,1,0,1,3,5,5,2,1,2,5,3,4,2,3,3,4,5,3,1,5,3,2,4,4,4,5,3,2,4,1,5,5,5,{}
U0498,24-26,Bachelor's,Information Systems,Graduate,Cybersecurity Analyst,0.774,Cybersecurity Analyst|Network Engineer|Backend Developer,1,3,2,5,2,3,0,2,2,1,3,1,2,3,5,0,1,4,1,0,1,1,1,5,4,2,2,1,2,1,2,5,2,1,2,3,2,1,4,5,5,{}
U0499,27-30,Master's,Physics,Sophomore,Backend Developer,0.789,Backend Developer|Database Administrator|AI Engineer,5,2,4,2,4,3,2,1,5,3,4,1,4,1,2,3,2,2,2,3,3,4,3,1,2,3,5,3,2,3,3,1,5,2,2,2,2,5,1,3,3,{}
U0500,24-26,Professional Certification,Other,Senior,Frontend Developer,1.0,Frontend Developer|UI/UX Designer|Data Scientist,4,4,5,1,1,4,5,4,4,3,0,4,5,1,2,0,3,0,5,3,5,3,5,1,1,4,1,5,3,5,2,2,5,5,4,4,5,5,3,1,1,{}
